event_date,source,source_id,source_detail,actors,nearest_corpus_event,days_to_corpus
1987-01-05,icb,371,SINO/VIETNAM BORDER 1987-01-05..1987-01-10 viol 3.0,710;816,iraq_kharg_1986,146
1987-01-27,mid,2740,dispute 2740 IRN-USA 1987-01-27..1988-07-03 hihost 4,2;630,iraq_kharg_1986,168
1987-01-28,icb,372,PUNJAB WAR SCARE II 1987-01-28..1987-02-19 viol 1.0,750;770,iraq_kharg_1986,169
1987-02-12,icb,373,TODGHERE INCIDENT 1987-02-12..1987-04-28 viol 3.0,520,earnest_will_1987,160
1987-02-15,icb,374,SYRIAN INT./LEBANON 1987-02-15..1987-04-06 viol 3.0,652,earnest_will_1987,157
1987-02-25,icb,375,SAND WALL 1987-02-25..1987-05-04 viol 3.0,435;600;615,earnest_will_1987,147
1987-03-01,icb,376,AEGEAN SEA III 1987-03-01..1987-03-28 viol 1.0,350;640,earnest_will_1987,143
1987-04-21,mid,2826,dispute 2826 IRN-RUS 1987-04-21..1987-11-02 hihost 4,365;630,earnest_will_1987,92
1987-05-02,icb,377,CAMEROON/NIGERIA II 1987-05-02..1987-09-26 viol 1.0,475,earnest_will_1987,81
1987-05-11,mid,2797,dispute 2797 IRN-KUW 1987-05-11..1988-05-20 hihost 4,630;690,earnest_will_1987,72
1987-05-17,mid,2739,dispute 2739 IRQ-USA 1987-05-17..1987-05-18 hihost 4,2;645,earnest_will_1987,66
1987-05-22,mid,2796,dispute 2796 IRN-QAT 1987-05-22..1987-05-22 hihost 4,630;694,earnest_will_1987,61
1987-06-01,mid,2799,dispute 2799 IRN-TUR 1987-06-01..1988-03-27 hihost 4,630;640,earnest_will_1987,51
1987-06-03,icb,378,INDIA INT./SRI LANKA 1987-06-03..1987-07-28 viol 1.0,750;780,earnest_will_1987,49
1987-06-08,mid,2782,dispute 2782 CHN-TAW 1987-06-08..1987-09-28 hihost 4,710;713,earnest_will_1987,44
1987-06-28,mid,2823,dispute 2823 FRN-IRN 1987-06-28..1988-01-20 hihost 4,220;630,earnest_will_1987,24
1987-07-28,icb,379,MECCA PILGRIMAGE 1987-07-28..1987-10-01 viol 3.0,630;670,bridgeton_mine_strike_1987,4
1987-07-28,mid,2786,dispute 2786 IRQ-SYR 1987-07-28..1987-07-28 hihost 4,645;652,bridgeton_mine_strike_1987,4
1987-08-02,mid,2798,dispute 2798 IRN-SAU 1987-08-02..1988-04-24 hihost 4,630;670,bridgeton_mine_strike_1987,9
1987-08-08,ucdp,788,"dyad 788 Government of Chad vs Government of Libya (Chad, Libya) onset 1987-08-08 intensity 2",483;620,bridgeton_mine_strike_1987,15
1987-08-13,mid,2812,dispute 2812 COL-VEN 1987-08-13..1987-09-05 hihost 4,100;101,bridgeton_mine_strike_1987,20
1987-08-21,mid,2788,dispute 2788 IRQ-TUR 1987-08-21..1987-09-23 hihost 4,640;645,bridgeton_mine_strike_1987,28
1987-09-24,mid,2741,dispute 2741 PAN-USA 1987-09-24..1988-04-08 hihost 4,2;95,bridgeton_mine_strike_1987,62
1987-10-03,icb,380,S. AFRICA INTERVENTION IN ANGOLA 1987-10-03..1988-08-22 viol 3.0,540;560,bridgeton_mine_strike_1987,71
1987-10-05,mid,3638,dispute 3638 CHN-DRV 1987-10-05..1987-10-05 hihost 4,710;816,bridgeton_mine_strike_1987,73
1987-10-11,mid,2783,dispute 2783 OMA-YAR 1987-10-11..1987-10-11 hihost 4,678;698,bridgeton_mine_strike_1987,79
1988-02-12,mid,2774,dispute 2774 IRQ-USA 1988-02-12..1988-02-12 hihost 4,2;645,praying_mantis_1988,66
1988-02-20,mid,2749,dispute 2749 CHN-DRV 1988-02-20..1988-03-16 hihost 4,710;816,praying_mantis_1988,58
1988-03-14,icb,384,SPRATLY ISLANDS 1988-03-14..1988-04-28 viol 3.0,710;816,praying_mantis_1988,35
1988-04-14,mid,2773,dispute 2773 CAN-FRN 1988-04-14..1988-05-06 hihost 4,20;220,praying_mantis_1988,4
1988-04-28,mid,2750,dispute 2750 CHN-TAW 1988-04-28..1988-12-09 hihost 4,710;713,praying_mantis_1988,10
1988-05-14,mid,2767,dispute 2767 IRQ-UKG 1988-05-14..1988-05-14 hihost 4,200;645,praying_mantis_1988,26
1988-08-16,mid,2768,dispute 2768 COL-VEN 1988-08-16..1988-08-16 hihost 4,100;101,iran_iraq_ceasefire_1988,4
1988-12-21,icb,386,LIBYAN JETS 1988-12-21..1989-01-12 viol 2.0,2;620,iran_iraq_ceasefire_1988,123
1988-12-28,mid,2775,dispute 2775 LIB-USA 1988-12-28..1989-01-04 hihost 4,2;620,iran_iraq_ceasefire_1988,130
1989-01-08,ucdp,558,dyad 558 Government of Ethiopia vs EPRDF (Ethiopia) onset 1989-01-08 intensity 2,530,iran_iraq_ceasefire_1988,141
1989-01-12,mid,3901,dispute 3901 PAN-USA 1989-01-12..1989-12-22 hihost 4,2;95,iran_iraq_ceasefire_1988,145
1989-02-17,mid,3914,dispute 3914 IRN-IRQ 1989-02-17..1989-03-13 hihost 4,630;645,iran_iraq_ceasefire_1988,181
1989-03-14,ucdp,532,dyad 532 Government of Lebanon vs Forces of Michel Aoun (Lebanon) onset 1989-03-14 intensity 1,660,iran_iraq_ceasefire_1988,206
1989-03-16,ucdp,884,dyad 884 Government of India vs ABSU (India) onset 1989-03-16 intensity 1,750,iran_iraq_ceasefire_1988,208
1989-05-08,ucdp,533,dyad 533 Government of Lebanon vs Lebanese Forces (Lebanon) onset 1989-05-08 intensity 1,660,iran_iraq_ceasefire_1988,261
1989-05-20,ucdp,559,dyad 559 Government of Ethiopia vs Military faction (forces of Amsha Desta and Merid Negusie) (Ethiopia) onset 1989-05-20 intensity 1,530,iran_iraq_ceasefire_1988,273
1989-06-03,mid,3915,dispute 3915 EGY-ISR 1989-06-03..1989-06-03 hihost 4,651;666,iran_iraq_ceasefire_1988,287
1989-07-31,ucdp,745,dyad 745 Government of Somalia vs SPM (Somalia) onset 1989-07-31 intensity 1,520,iran_iraq_ceasefire_1988,345
1989-09-02,ucdp,475,dyad 475 Government of Israel vs PFLP-GC (Israel) onset 1989-09-02 intensity 1,666,iraq_invades_kuwait_1990,334
1989-09-09,ucdp,474,dyad 474 Government of Israel vs PFLP (Israel) onset 1989-09-09 intensity 1,666,iraq_invades_kuwait_1990,327
1989-10-03,ucdp,795,dyad 795 Government of Panama vs Military faction (forces of Moisés Giroldi)  (Panama) onset 1989-10-03 intensity 1,95,iraq_invades_kuwait_1990,303
1989-10-21,mid,3922,dispute 3922 SYR-TUR 1989-10-21..1989-10-21 hihost 4,640;652,iraq_invades_kuwait_1990,285
1989-10-25,mid,3921,dispute 3921 IRN-IRQ 1989-10-25..1989-10-25 hihost 4,630;645,iraq_invades_kuwait_1990,281
1989-12-15,icb,391,INVASION OF PANAMA 1989-12-15..1990-01-03 viol 3.0,2;95,iraq_invades_kuwait_1990,230
1989-12-22,ucdp,798,dyad 798 Government of Romania vs NSF (Romania) onset 1989-12-22 intensity 1,360,iraq_invades_kuwait_1990,223
1989-12-23,ucdp,796,"dyad 796 Government of Panama vs Government of United States of America (Panama, United States of America) onset 1989-12-23 intensity 1",2;95,iraq_invades_kuwait_1990,222
1989-12-24,ucdp,14471,dyad 14471 Government of Romania vs Military faction (forces of Nicolae Ceausescu) (Romania) onset 1989-12-24 intensity 1,360,iraq_invades_kuwait_1990,221
1990-01-14,icb,392,KASHMIR III-NUCLEAR 1990-01-14..1990-06-28 viol 3.0,750;770,iraq_invades_kuwait_1990,200
1990-01-23,ucdp,808,dyad 808 Government of Russia (Soviet Union) vs APF (Russia (Soviet Union)) onset 1990-01-23 intensity 1,365,iraq_invades_kuwait_1990,191
1990-02-11,mid,3959,dispute 3959 IND-PAK 1990-02-11..1990-12-22 hihost 4,750;770,iraq_invades_kuwait_1990,172
1990-02-12,ucdp,792,dyad 792 Government of India vs Kashmir insurgents (India) onset 1990-02-12 intensity 1,750,iraq_invades_kuwait_1990,171
1990-04-02,mid,3956,dispute 3956 IRQ-ISR 1990-04-02..1991-02-28 hihost 4,645;666,iraq_invades_kuwait_1990,122
1990-05-28,mid,3957,dispute 3957 BAH-CAN-EGY-FRN-IRQ-KUW-OMA-QAT-SAU-SYR-UAE-UKG-USA 1990-05-28..1991-03-03 hihost 5,2;20;160;200;210;211;220;230;255;325;350;433;436;451;600;640;645;651;652;663;670;690;692;694;696;698;770;771;900,iraq_invades_kuwait_1990,66
1990-06-06,ucdp,794,dyad 794 Government of Indonesia vs GAM (Indonesia) onset 1990-06-06 intensity 1,850,iraq_invades_kuwait_1990,57
1990-07-10,ucdp,891,dyad 891 Government of Israel vs Hezbollah (Israel) onset 1990-07-10 intensity 1,666,iraq_invades_kuwait_1990,23
1990-08-13,gpr,19900813,"GPRD 343.1 > p99 337.84 (1987+, n 14489)",,iraq_un_661_embargo_1990,7
1990-08-22,gpr,19900822,"GPRD 344.5 > p99 337.84 (1987+, n 14489)",,iraq_un_661_embargo_1990,16
1990-08-31,ucdp,807,dyad 807 Government of Russia (Soviet Union) vs Republic of Armenia (Russia (Soviet Union)) onset 1990-08-31 intensity 1,365,iraq_un_661_embargo_1990,25
1990-11-18,ucdp,746,dyad 746 Government of Somalia vs USC/SSA (Somalia) onset 1990-11-18 intensity 2,520,desert_storm_air_campaign_1991,60
1990-11-30,ucdp,793,dyad 793 Government of India vs ULFA (India) onset 1990-11-30 intensity 1,750,desert_storm_air_campaign_1991,48
1990-12-30,ucdp,476,dyad 476 Government of Israel vs Fatah (Israel) onset 1990-12-30 intensity 1,666,desert_storm_air_campaign_1991,18
1991-01-08,gpr,19910108,"GPRD 364.6 > p99 337.84 (1987+, n 14489)",,desert_storm_air_campaign_1991,9
1991-01-11,gpr,19910111,"GPRD 376.2 > p99 337.84 (1987+, n 14489)",,desert_storm_air_campaign_1991,6
1991-01-21,gpr,19910121,"GPRD 461.0 > p99 337.84 (1987+, n 14489)",,desert_storm_air_campaign_1991,4
1991-01-28,gpr,19910128,"GPRD 338.7 > p99 337.84 (1987+, n 14489)",,desert_storm_air_campaign_1991,11
1991-02-05,gpr,19910205,"GPRD 388.5 > p99 337.84 (1987+, n 14489)",,kuwait_oil_fires_1991,17
1991-02-08,gpr,19910208,"GPRD 362.5 > p99 337.84 (1987+, n 14489)",,kuwait_oil_fires_1991,14
1991-02-11,gpr,19910211,"GPRD 355.5 > p99 337.84 (1987+, n 14489)",,kuwait_oil_fires_1991,11
1991-02-18,gpr,19910218,"GPRD 367.3 > p99 337.84 (1987+, n 14489)",,kuwait_oil_fires_1991,4
1991-03-15,mid,3974,dispute 3974 FRN-IRQ-UKG-USA 1991-03-15..1991-12-28 hihost 4,2;200;220;645,kuwait_oil_fires_1991,21
1991-05-01,mid,3985,dispute 3985 IND-PAK 1991-05-01..1991-09-02 hihost 4,750;770,kuwait_oil_fires_1991,68
1991-05-21,mid,3973,dispute 3973 IRN-USA 1991-05-21..1991-05-21 hihost 4,2;630,kuwait_oil_fires_1991,88
1991-06-02,ucdp,12104,dyad 12104 Government of Ethiopia vs Forces of Harar garrison (Ethiopia) onset 1991-06-02 intensity 1,530,kuwait_oil_fires_1991,100
1991-07-13,ucdp,822,dyad 822 Government of Turkey vs DHKP-C (Turkey) onset 1991-07-13 intensity 1,640,kuwait_oil_fires_1991,141
1991-07-16,ucdp,451,dyad 451 Government of India vs PWG (India) onset 1991-07-16 intensity 1,750,kuwait_oil_fires_1991,144
1991-07-28,mid,3972,dispute 3972 CAN-USA 1991-07-28..1991-07-28 hihost 4,2;20,kuwait_oil_fires_1991,156
1991-08-05,mid,3980,dispute 3980 IRQ-TUR 1991-08-05..1991-10-27 hihost 4,640;645,kuwait_oil_fires_1991,164
1991-08-07,mid,3982,dispute 3982 IRQ-KUW 1991-08-07..1991-08-28 hihost 4,645;690,kuwait_oil_fires_1991,166
1991-08-28,icb,398,BUBIYAN 1991-08-28..1991-08-28 viol 2.0,690,kuwait_oil_fires_1991,187
1991-09-07,ucdp,747,dyad 747 Government of Somalia vs USC/SNA (Somalia) onset 1991-09-07 intensity 2,520,kuwait_oil_fires_1991,197
1991-09-23,icb,399,FOREIGN INTERV.-ZAIRE 1991-09-23..1991-11-04 viol 3.0,211;220;490,kuwait_oil_fires_1991,213
1991-10-06,icb,400,ECUADOR/PERUBDR. IV 1991-10-06..1991-10-15 viol 1.0,130;135,kuwait_oil_fires_1991,226
1991-10-10,ucdp,10006,dyad 10006 Government of Ethiopia vs IGLF (Ethiopia) onset 1991-10-10 intensity 1,530,kuwait_oil_fires_1991,230
1991-11-13,ucdp,810,dyad 810 Government of Djibouti vs FRUD (Djibouti) onset 1991-11-13 intensity 1,522,kuwait_oil_fires_1991,264
1991-12-09,ucdp,827,dyad 827 Government of Algeria vs Takfir wa'l Hijra (Algeria) onset 1991-12-09 intensity 1,615,kuwait_oil_fires_1991,290
1991-12-31,ucdp,831,dyad 831 Government of Angola vs FLEC-R (Angola) onset 1991-12-31 intensity 1,540,kuwait_oil_fires_1991,312
1992-01-28,icb,402,EGYPT/SUDAN BDR. II 1992-01-28..1992-06-28 viol 2.0,625;651,kuwait_oil_fires_1991,340
1992-02-04,ucdp,575,dyad 575 Government of Venezuela vs Military faction (forces of Hugo Chávez)  (Venezuela) onset 1992-02-04 intensity 1,101,kuwait_oil_fires_1991,347
1992-03-10,ucdp,828,dyad 828 Government of Algeria vs AIS (Algeria) onset 1992-03-10 intensity 1,615,kuwait_oil_fires_1991,382
1992-04-05,mid,3566,dispute 3566 IRN-IRQ 1992-04-05..1992-09-08 hihost 4,630;645,kuwait_oil_fires_1991,408
1992-04-24,mid,3550,dispute 3550 PER-USA 1992-04-24..1992-04-24 hihost 4,2;135,kuwait_oil_fires_1991,427
1992-06-13,mid,3561,dispute 3561 GRG-RUS 1992-06-13..1993-10-26 hihost 4,365;372,kuwait_oil_fires_1991,477
1992-07-14,mid,3559,dispute 3559 RUS-UKR 1992-07-14..1992-07-14 hihost 4,365;369,kuwait_oil_fires_1991,508
1992-07-16,mid,3551,dispute 3551 FRN-GMY-UKG-USA-YUG 1992-07-16..1996-10-02 hihost 4,2;20;200;210;211;220;230;235;255;325;345;350;360;390;640,kuwait_oil_fires_1991,510
1992-07-26,mid,3552,dispute 3552 FRN-IRQ-KUW-SAU-UKG-USA 1992-07-26..1993-12-23 hihost 4,2;200;220;365;645;670;690,kuwait_oil_fires_1991,520
1992-08-05,ucdp,508,dyad 508 Government of India vs NSCN-IM (India) onset 1992-08-05 intensity 1,750,kuwait_oil_fires_1991,530
1992-08-18,icb,406,IRAQ NO-FLY ZONE 1992-08-18..1992-09-08 viol 1.0,645,kuwait_oil_fires_1991,543
1992-09-28,mid,3569,dispute 3569 QAT-SAU 1992-09-28..1992-10-23 hihost 4,670;694,kuwait_oil_fires_1991,584
1992-10-07,mid,3568,dispute 3568 IRQ-KUW 1992-10-07..1994-01-02 hihost 4,2;200;220;645;690,kuwait_oil_fires_1991,593
1992-10-12,ucdp,739,dyad 739 Government of India vs ATTF (India) onset 1992-10-12 intensity 1,750,kuwait_oil_fires_1991,598
1992-12-31,ucdp,832,dyad 832 Government of Angola vs FLEC-FAC (Angola) onset 1992-12-31 intensity 1,540,kuwait_oil_fires_1991,678
1993-02-01,mid,3564,dispute 3564 AZE-RUS-TUR 1993-02-01..1993-09-07 hihost 4,365;371;373;630;640,kuwait_oil_fires_1991,710
1993-03-03,mid,4054,dispute 4054 AFG-RUS 1993-03-03..1994-02-21 hihost 4,365;700;701;702;703;704;705,kuwait_oil_fires_1991,740
1993-03-10,mid,4286,dispute 4286 EGY-SUD 1993-03-10..1993-03-28 hihost 4,625;651,kuwait_oil_fires_1991,747
1993-03-10,ucdp,838,dyad 838 Government of Egypt vs al-Gama'a al-Islamiyya (Egypt) onset 1993-03-10 intensity 1,651,kuwait_oil_fires_1991,747
1993-03-13,mid,4072,dispute 4072 IRN-IRQ 1993-03-13..1993-07-25 hihost 4,630;645,kuwait_oil_fires_1991,750
1993-03-28,icb,408,N. KOREA NUCLEAR I 1993-03-28..1994-10-21 viol 1.0,2;731;732,iraq_un_986_ofp_1995,747
1993-04-06,mid,4182,dispute 4182 ISR-LEB-SYR 1993-04-06..2006-09-08 hihost 4,652;660;666,iraq_un_986_ofp_1995,738
1993-06-09,mid,4052,dispute 4052 CHN-RUS 1993-06-09..1993-06-12 hihost 4,365;710,iraq_un_986_ofp_1995,674
1993-06-26,mid,4299,dispute 4299 IRQ-USA 1993-06-26..1993-06-28 hihost 4,2;645,iraq_un_986_ofp_1995,657
1993-07-01,ucdp,477,dyad 477 Government of Israel vs Hamas (Israel) onset 1993-07-01 intensity 1,666,iraq_un_986_ofp_1995,652
1993-07-10,icb,409,OPTN. ACCOUNTABILITY 1993-07-10..1993-07-28 viol 2.0,660;666,iraq_un_986_ofp_1995,643
1993-09-17,mid,4007,dispute 4007 IND-PAK 1993-09-17..1999-07-17 hihost 5,750;770,iraq_un_986_ofp_1995,574
1993-10-03,ucdp,849,dyad 849 Government of Russia (Soviet Union) vs Parliamentary Forces (Russia (Soviet Union)) onset 1993-10-03 intensity 1,365,iraq_un_986_ofp_1995,558
1993-10-13,ucdp,718,dyad 718 Government of Ethiopia vs AIAI (Ethiopia) onset 1993-10-13 intensity 1,530,iraq_un_986_ofp_1995,548
1993-11-26,mid,4042,dispute 4042 JPN-RUS 1993-11-26..1995-09-28 hihost 4,365;740,iraq_un_986_ofp_1995,504
1993-12-28,icb,410,CAMEROON/NIGERIA III 1993-12-28..1994-11-28 viol 3.0,471;475,iraq_un_986_ofp_1995,472
1993-12-31,ucdp,769,dyad 769 Government of India vs UNLF (India) onset 1993-12-31 intensity 1,750,iraq_un_986_ofp_1995,469
1993-12-31,ucdp,829,dyad 829 Government of Algeria vs GIA (Algeria) onset 1993-12-31 intensity 1,615,iraq_un_986_ofp_1995,469
1994-01-01,ucdp,850,dyad 850 Government of Mexico vs EZLN (Mexico) onset 1994-01-01 intensity 1,70,iraq_un_986_ofp_1995,468
1994-01-07,mid,4219,dispute 4219 COL-VEN 1994-01-07..1994-01-09 hihost 4,100;101,iraq_un_986_ofp_1995,462
1994-02-26,ucdp,719,dyad 719 Government of Ethiopia vs ONLF (Ethiopia) onset 1994-02-26 intensity 1,530,iraq_un_986_ofp_1995,412
1994-04-08,mid,4050,dispute 4050 RUS-UKR 1994-04-08..1994-04-11 hihost 4,365;369,iraq_un_986_ofp_1995,371
1994-04-28,ucdp,853,dyad 853 Government of Yemen (North Yemen) vs Democratic Republic of Yemen (Yemen (North Yemen)) onset 1994-04-28 intensity 2,678,iraq_un_986_ofp_1995,351
1994-05-01,mid,4030,dispute 4030 CHN-DRV 1994-05-01..1994-08-28 hihost 4,710;816,iraq_un_986_ofp_1995,348
1994-05-20,mid,4287,dispute 4287 EGY-SUD 1994-05-20..1994-05-28 hihost 4,625;651,iraq_un_986_ofp_1995,329
1994-06-01,mid,4035,dispute 4035 CHN-TAW 1994-06-01..1994-11-14 hihost 4,710;713,iraq_un_986_ofp_1995,317
1994-06-01,mid,4104,dispute 4104 CHN-RUS 1994-06-01..1994-06-28 hihost 4,365;710,iraq_un_986_ofp_1995,317
1994-07-23,ucdp,885,dyad 885 Government of India vs NDFB (India) onset 1994-07-23 intensity 1,750,iraq_un_986_ofp_1995,265
1994-07-28,icb,411,HAITI MIL. REGIME 1994-07-28..1994-10-15 viol 2.0,2;41,iraq_un_986_ofp_1995,260
1994-10-07,icb,412,IRAQ DEPLOY./KUWAIT 1994-10-07..1994-11-10 viol 1.0,2;645;670;690,iraq_un_986_ofp_1995,189
1994-10-23,mid,4114,dispute 4114 SAU-YEM 1994-10-23..1995-01-27 hihost 4,670;679,iraq_un_986_ofp_1995,173
1994-11-06,mid,4113,dispute 4113 IRN-IRQ 1994-11-06..1994-11-06 hihost 4,630;645,iraq_un_986_ofp_1995,159
1994-11-26,ucdp,852,dyad 852 Government of Russia (Soviet Union) vs Chechen Republic of Ichkeria (Russia (Soviet Union)) onset 1994-11-26 intensity 1,365,iraq_un_986_ofp_1995,139
1994-12-28,mid,4055,dispute 4055 AFG-RUS 1994-12-28..1995-05-28 hihost 4,365;700,iraq_un_986_ofp_1995,107
1995-01-01,mid,4027,dispute 4027 CHN-PHI 1995-01-01..1995-05-13 hihost 4,710;840,iraq_un_986_ofp_1995,103
1995-01-09,icb,413,ECUADOR/PERU V 1995-01-09..1995-03-01 viol 3.0,130;135,iraq_un_986_ofp_1995,95
1995-01-09,mid,4013,dispute 4013 ECU-PER 1995-01-09..1995-05-09 hihost 4,130;135,iraq_un_986_ofp_1995,95
1995-01-10,mid,4020,dispute 4020 CHN-TAW 1995-01-10..1995-09-16 hihost 4,710;713,iraq_un_986_ofp_1995,94
1995-01-31,ucdp,854,"dyad 854 Government of Ecuador vs Government of Peru (Ecuador, Peru) onset 1995-01-31 intensity 1",130;135,iraq_un_986_ofp_1995,73
1995-03-20,mid,4158,dispute 4158 IRQ-TUR 1995-03-20..1995-07-10 hihost 4,640;645,iraq_un_986_ofp_1995,25
1995-04-09,ucdp,478,dyad 478 Government of Israel vs PIJ (Israel) onset 1995-04-09 intensity 1,666,iraq_un_986_ofp_1995,5
1995-05-22,icb,415,TAIWAN STRAIT IV 1995-05-22..1996-03-25 viol 1.0,710;713,iran_eo12959_embargo_1995,16
1995-06-27,mid,4134,dispute 4134 EGY-SUD 1995-06-27..1995-07-17 hihost 4,625;651,iran_eo12959_embargo_1995,52
1995-09-20,mid,4143,dispute 4143 ECU-PER 1995-09-20..1996-07-28 hihost 4,130;135,iran_eo12959_embargo_1995,137
1995-10-01,mid,4009,dispute 4009 COL-VEN 1995-10-01..1995-10-01 hihost 4,100;101,iran_eo12959_embargo_1995,148
1995-12-15,icb,416,RED SEA ISLANDS 1995-12-15..1995-12-28 viol 2.0,531;678,iran_eo12959_embargo_1995,223
1996-01-26,icb,417,AEGEAN SEA IV 1996-01-26..1996-01-28 viol 1.0,350;640,ilsa_sanctions_1996,192
1996-03-01,mid,4288,dispute 4288 EGY-SUD 1996-03-01..1996-03-28 hihost 4,625;651,ilsa_sanctions_1996,157
1996-03-06,mid,4148,dispute 4148 CHL-UKG 1996-03-06..1996-03-28 hihost 4,155;200,ilsa_sanctions_1996,152
1996-04-09,icb,418,OPRN GRAPES OF WRATH 1996-04-09..1996-04-27 viol 2.0,660;666,ilsa_sanctions_1996,118
1996-05-07,ucdp,858,"dyad 858 Government of Cameroon vs Government of Nigeria (Cameroon, Nigeria) onset 1996-05-07 intensity 1",471;475,ilsa_sanctions_1996,90
1996-06-26,mid,4191,dispute 4191 IRN-TUR 1996-06-26..1996-06-26 hihost 4,630;640,ilsa_sanctions_1996,40
1996-07-13,mid,4173,dispute 4173 RUS-TUR 1996-07-13..1996-07-13 hihost 4,365;640,ilsa_sanctions_1996,23
1996-07-27,mid,4192,dispute 4192 IRN-IRQ 1996-07-27..1997-01-28 hihost 4,630;645,ilsa_sanctions_1996,9
1996-08-28,icb,419,DESERT STRIKE 1996-08-28..1996-09-14 viol 3.0,2;645,ilsa_sanctions_1996,23
1996-08-28,mid,4271,dispute 4271 IRQ-UKG-USA 1996-08-28..1996-11-04 hihost 4,2;200;645;690,ilsa_sanctions_1996,23
1996-09-05,mid,4206,dispute 4206 IRQ-TUR 1996-09-05..1999-02-17 hihost 4,640;645,ilsa_sanctions_1996,31
1996-09-16,ucdp,851,dyad 851 Government of Mexico vs EPR (Mexico) onset 1996-09-16 intensity 1,70,ilsa_sanctions_1996,42
1996-09-18,icb,420,N. KOREAN SUBMARINE 1996-09-18..1996-12-28 viol 2.0,731;732,ilsa_sanctions_1996,44
1996-09-26,ucdp,479,dyad 479 Government of Israel vs PNA (Israel) onset 1996-09-26 intensity 1,666,ilsa_sanctions_1996,52
1996-10-01,mid,4272,dispute 4272 IRQ-KUW 1996-10-01..1997-09-25 hihost 4,645;690,ilsa_sanctions_1996,57
1996-10-12,mid,4297,dispute 4297 JPN-RUS 1996-10-12..1996-10-28 hihost 4,365;740,iraq_ofp_exports_begin_1996,59
1996-12-01,mid,4028,dispute 4028 CHN-PHI 1996-12-01..1997-09-23 hihost 4,710;840,iraq_ofp_exports_begin_1996,9
1996-12-31,ucdp,791,dyad 791 Government of Ethiopia vs ARDUF (Ethiopia) onset 1996-12-31 intensity 1,530,iraq_ofp_exports_begin_1996,21
1997-02-06,mid,4172,dispute 4172 COL-VEN 1997-02-06..1997-02-06 hihost 4,100;101,iraq_ofp_exports_begin_1996,58
1997-05-13,mid,4144,dispute 4144 ECU-PER 1997-05-13..1997-10-19 hihost 4,130;135,thai_baht_float_1997,50
1997-05-25,mid,4183,dispute 4183 CAN-USA 1997-05-25..1997-05-28 hihost 4,2;20,thai_baht_float_1997,38
1997-06-01,mid,4203,dispute 4203 SAU-YEM 1997-06-01..1998-07-19 hihost 4,670;679,thai_baht_float_1997,31
1997-06-10,ucdp,740,dyad 740 Government of India vs NLFT (India) onset 1997-06-10 intensity 1,750,thai_baht_float_1997,22
1997-08-15,mid,4174,dispute 4174 RUS-USA 1997-08-15..1997-08-28 hihost 4,2;365,thai_baht_float_1997,44
1997-08-25,mid,4096,dispute 4096 GRG-RUS 1997-08-25..1997-12-23 hihost 4,365;372,thai_baht_float_1997,54
1997-09-28,mid,4205,dispute 4205 IRN-IRQ 1997-09-28..1998-04-28 hihost 4,630;645,korea_imf_bailout_1997,54
1997-10-07,mid,4273,dispute 4273 IRQ-SAU-UKG-USA 1997-10-07..2003-05-02 hihost 5,2;200;210;220;255;290;325;350;640;645;651;663;666;670;690;692;694;696;698;900,korea_imf_bailout_1997,45
1997-11-13,icb,422,UNSCOM I 1997-11-13..1998-02-23 viol 1.0,2;645,korea_imf_bailout_1997,8
1998-01-24,icb,423,CYPRUS/TURKEY MISSILE 1998-01-24..1998-12-28 viol 1.0,352;640,opec_jakarta_quota_increase_1997,54
1998-05-03,mid,4137,dispute 4137 CAN-FRN-GMY-NOR-TUR-UKG-USA-YUG 1998-05-03..1999-06-10 hihost 5,2;20;200;210;211;212;220;230;235;255;290;310;316;325;339;343;345;350;365;368;385;390;395;640,opec_cut_march_1998,34
1998-05-06,icb,424,ETHIOPIA-ERITREA I 1998-05-06..2000-12-12 viol 4.0,530;531,opec_cut_march_1998,37
1998-05-11,icb,425,INDIA/PAKISTAN NUCLEAR TESTS 1998-05-11..1998-06-11 viol 1.0,750;770,opec_cut_march_1998,42
1998-05-31,ucdp,865,"dyad 865 Government of Eritrea vs Government of Ethiopia (Eritrea, Ethiopia) onset 1998-05-31 intensity 2",530;531,opec_cut_june_1998,24
1998-07-01,mid,4189,dispute 4189 ECU-PER 1998-07-01..1998-08-01 hihost 4,130;135,opec_cut_june_1998,7
1998-07-12,mid,4321,dispute 4321 NOR-RUS 1998-07-12..1998-07-17 hihost 4,365;385,opec_cut_june_1998,18
1998-07-28,icb,426,DRC CIVIL WAR 1998-07-28..2002-07-28 viol 4.0,483;490;500;517;540;552;565,russia_default_ltcm_1998,20
1998-08-01,mid,4128,dispute 4128 CHN-PHI 1998-08-01..2000-02-28 hihost 4,710;840,russia_default_ltcm_1998,16
1998-08-07,icb,427,US EMBASSY BOMBINGS 1998-08-07..1998-08-20 viol 2.0,2;625;700,russia_default_ltcm_1998,10
1998-08-08,mid,4160,dispute 4160 AFG-IRN 1998-08-08..1998-10-08 hihost 4,630;700,russia_default_ltcm_1998,9
1998-10-01,icb,428,SYRIA/TURKEY 1998-10-01..1998-10-20 viol 1.0,652,russia_default_ltcm_1998,45
1998-10-28,icb,429,UNSCOM II 1998-10-28..1998-12-20 viol 3.0,2;200;645,operation_desert_fox_1998,49
1999-02-15,mid,4127,dispute 4127 JPN-ROK 1999-02-15..1999-02-19 hihost 4,732;740,opec_cut_1999,36
1999-02-20,icb,430,KOSOVO 1999-02-20..1999-06-10 viol 3.0,2;20;200;210;211;220;230;235;260;325;339;345,opec_cut_1999,31
1999-03-19,mid,4338,dispute 4338 AZE-RUS 1999-03-19..1999-03-28 hihost 4,365;373,opec_cut_1999,4
1999-04-04,ucdp,830,dyad 830 Government of Algeria vs AQIM (Algeria) onset 1999-04-04 intensity 1,615,opec_cut_1999,12
1999-05-09,icb,431,KARGIL 1999-05-09..1999-07-04 viol 3.0,750;770,opec_cut_1999,47
1999-05-16,mid,4161,dispute 4161 AFG-IRN 1999-05-16..1999-05-16 hihost 4,630;700,opec_cut_1999,54
1999-06-10,mid,4292,dispute 4292 IRN-IRQ 1999-06-10..1999-06-10 hihost 4,630;645,opec_cut_1999,79
1999-07-18,mid,4223,dispute 4223 IND-PAK 1999-07-18..2000-10-28 hihost 4,750;770,opec_cut_1999,117
1999-07-18,mid,4289,dispute 4289 IRN-TUR 1999-07-18..1999-07-18 hihost 4,630;640,opec_cut_1999,117
1999-07-24,ucdp,811,dyad 811 Government of Djibouti vs FRUD-C (Djibouti) onset 1999-07-24 intensity 1,522,opec_cut_1999,123
1999-09-02,ucdp,870,dyad 870 Government of Russia (Soviet Union) vs Wahhabi movement of the Buinaksk district (Russia (Soviet Union)) onset 1999-09-02 intensity 1,365,opec_cut_1999,163
1999-09-04,icb,432,EAST TIMOR II 1999-09-04..1999-10-19 viol 2.0,850;900,opec_cut_1999,165
1999-09-18,ucdp,452,dyad 452 Government of India vs MCC (India) onset 1999-09-18 intensity 1,750,opec_cut_1999,179
1999-09-24,mid,4201,dispute 4201 AFG-RUS 1999-09-24..2001-03-28 hihost 4,365;700;704,opec_cut_1999,185
1999-09-28,mid,4208,dispute 4208 IRQ-TUR 1999-09-28..1999-09-28 hihost 4,640;645,opec_hike_march_2000,182
2000-02-02,mid,4213,dispute 4213 RUS-USA 2000-02-02..2000-04-28 hihost 4,2;365,opec_hike_march_2000,55
2000-04-21,mid,4222,dispute 4222 JPN-RUS 2000-04-21..2000-04-21 hihost 4,365;740,opec_hike_march_2000,24
2000-04-25,ucdp,16900,dyad 16900 Government of Turkey vs TKP-ML (Turkey) onset 2000-04-25 intensity 1,640,opec_hike_march_2000,28
2000-05-17,ucdp,15558,dyad 15558 Government of Colombia vs EPL–Los Pelusos (Colombia) onset 2000-05-17 intensity 1,100,opec_hike_june_2000,35
2000-07-25,mid,4324,dispute 4324 IRQ-TUR 2000-07-25..2001-01-28 hihost 4,640;645,opec_hike_june_2000,34
2000-07-28,mid,4295,dispute 4295 CAN-UKG-YUG 2000-07-28..2000-10-06 hihost 4,20;200;345,opec_hike_june_2000,37
2000-08-25,ucdp,11932,dyad 11932 Government of India vs CPI-ML-J (India) onset 2000-08-25 intensity 1,750,opec_hike_sept_2000,16
2000-09-26,mid,4298,dispute 4298 USA-YUG 2000-09-26..2000-09-28 hihost 4,2;344;345,clinton_spr_swap_2000,4
2000-10-13,mid,4262,dispute 4262 COL-VEN 2000-10-13..2000-11-23 hihost 4,100;101,clinton_spr_swap_2000,21
2001-04-01,mid,4280,dispute 4280 CHN-USA 2001-04-01..2001-04-05 hihost 4,2;710,opec_cut_march_2001,15
2001-05-12,ucdp,748,dyad 748 Government of Somalia vs SRRC (Somalia) onset 2001-05-12 intensity 1,520,opec_cut_march_2001,56
2001-07-13,mid,4277,dispute 4277 IND-PAK 2001-07-13..2003-11-22 hihost 4,750;770,opec_cut_july_2001,12
2001-08-25,mid,4325,dispute 4325 IRQ-TUR 2001-08-25..2003-07-05 hihost 4,640;645,september_11_attacks_2001,17
2001-09-15,mid,4283,dispute 4283 AFG-CAN-FRN-PAK-RUS-TUR-UKG-USA 2001-09-15..2001-12-22 hihost 5,2;20;200;210;220;230;235;255;350;365;640;700;702;704;770;900,september_11_attacks_2001,4
2001-09-17,gpr,20010917,"GPRD 744.8 > p99 337.84 (1987+, n 14489)",,september_11_attacks_2001,6
2001-10-07,ucdp,11199,"dyad 11199 Government of Afghanistan vs Government of United Kingdom, Government of United States of America (Afghanistan, United Kingdom, United States of America) onset 2001-10-07 intensity 2",2;200;700,september_11_attacks_2001,26
2001-10-15,gpr,20011015,"GPRD 449.6 > p99 337.84 (1987+, n 14489)",,september_11_attacks_2001,34
2001-10-18,mid,4242,dispute 4242 GRG-RUS 2001-10-18..2005-11-15 hihost 4,365;372,september_11_attacks_2001,37
2001-10-22,gpr,20011022,"GPRD 422.8 > p99 337.84 (1987+, n 14489)",,september_11_attacks_2001,41
2001-10-30,gpr,20011030,"GPRD 381.0 > p99 337.84 (1987+, n 14489)",,september_11_attacks_2001,49
2001-11-06,gpr,20011106,"GPRD 430.9 > p99 337.84 (1987+, n 14489)",,opec_cut_cairo_dec_2001,52
2001-11-13,gpr,20011113,"GPRD 445.9 > p99 337.84 (1987+, n 14489)",,opec_cut_cairo_dec_2001,45
2001-11-28,gpr,20011128,"GPRD 361.0 > p99 337.84 (1987+, n 14489)",,opec_cut_cairo_dec_2001,30
2001-12-13,icb,435,INDIA PARLIAMENT ATTACK 2001-12-13..2002-01-12 viol 2.0,750;770,opec_cut_cairo_dec_2001,15
2002-01-01,mid,4552,dispute 4552 AFG-PAK 2002-01-01..2005-01-28 hihost 4,2;700;770,opec_cut_cairo_dec_2001,4
2002-03-03,ucdp,480,dyad 480 Government of Israel vs AMB (Israel) onset 2002-03-03 intensity 1,666,iraq_oil_export_ban_2002,36
2002-04-14,icb,436,KALUCHAK 2002-04-14..2002-10-17 viol 2.0,750;770,iraq_oil_export_ban_2002,6
2002-07-16,mid,4448,dispute 4448 CHN-PHI 2002-07-16..2002-07-19 hihost 4,710;840,iraq_oil_export_ban_2002,99
2002-07-27,icb,439,PANKISI GORGE 2002-07-27..2002-10-07 viol 2.0,365;372,iraq_oil_export_ban_2002,110
2002-08-06,mid,4494,dispute 4494 ARG-RUS 2002-08-06..2002-08-06 hihost 4,160;365,iraq_oil_export_ban_2002,120
2002-09-12,icb,440,IRAQ REGIME CHANGE 2002-09-12..2003-05-01 viol 4.0,2;200;645,opec_hike_jan_2003,122
2002-10-03,icb,441,N. KOREA NUCLEAR II 2002-10-03..2004-01-06 viol 1.0,2;731,opec_hike_jan_2003,101
2002-10-28,mid,4357,dispute 4357 ANG-DRC 2002-10-28..2002-10-28 hihost 4,490;540,opec_hike_jan_2003,76
2002-12-12,mid,4359,dispute 4359 DRC-LIB 2002-12-12..2002-12-12 hihost 4,490;620,opec_hike_jan_2003,31
2003-01-08,mid,4511,dispute 4511 ISR-SYR 2003-01-08..2003-01-08 hihost 4,652;666,opec_hike_jan_2003,4
2003-01-27,mid,4453,dispute 4453 INS-PHI 2003-01-27..2003-01-27 hihost 4,840;850,opec_hike_jan_2003,15
2003-02-14,gpr,20030214,"GPRD 344.5 > p99 337.84 (1987+, n 14489)",,opec_hike_jan_2003,33
2003-02-18,gpr,20030218,"GPRD 342.7 > p99 337.84 (1987+, n 14489)",,iraq_war_begins_2003,30
2003-02-25,gpr,20030225,"GPRD 338.8 > p99 337.84 (1987+, n 14489)",,iraq_war_begins_2003,23
2003-03-01,mid,4495,dispute 4495 COL-VEN 2003-03-01..2003-03-28 hihost 4,100;101,iraq_war_begins_2003,19
2003-03-05,gpr,20030305,"GPRD 338.2 > p99 337.84 (1987+, n 14489)",,iraq_war_begins_2003,15
2003-03-12,gpr,20030312,"GPRD 347.4 > p99 337.84 (1987+, n 14489)",,iraq_war_begins_2003,8
2003-03-31,gpr,20030331,"GPRD 439.0 > p99 337.84 (1987+, n 14489)",,nigeria_warri_shutin_2003,8
2003-04-08,gpr,20030408,"GPRD 340.0 > p99 337.84 (1987+, n 14489)",,nigeria_warri_shutin_2003,16
2003-04-10,mid,4514,dispute 4514 IRN-IRQ 2003-04-10..2003-04-12 hihost 4,630;645,opec_emergency_april_2003,14
2003-06-13,icb,442,IRAN NUCLEAR I 2003-06-13..2004-11-15 viol 1.0,200;220;260;630,iraq_sanctions_lifted_2003,22
2003-06-23,mid,4457,dispute 4457 CHN-JPN 2003-06-23..2004-03-27 hihost 4,710;740,iraq_sanctions_lifted_2003,32
2003-07-05,mid,4516,dispute 4516 TUR-USA 2003-07-05..2003-07-06 hihost 4,2;640,iraq_sanctions_lifted_2003,44
2003-07-15,mid,4496,dispute 4496 BRA-PER 2003-07-15..2003-07-15 hihost 4,135;140,iraq_sanctions_lifted_2003,54
2003-07-24,mid,4360,dispute 4360 RUS-SUD 2003-07-24..2003-07-28 hihost 4,365;625,opec_cut_sept_2003,62
2003-08-17,mid,4517,dispute 4517 ISR-SYR 2003-08-17..2003-11-14 hihost 4,652;666,opec_cut_sept_2003,38
2003-10-04,icb,443,HAIFA SUICIDE BOMBING 2003-10-04..2003-12-02 viol 2.0,652;666,opec_cut_sept_2003,10
2004-01-06,ucdp,889,dyad 889 Government of Nigeria vs Ahlul Sunnah Jamaa (Nigeria) onset 2004-01-06 intensity 1,475,opec_cut_sept_2003,104
2004-01-18,ucdp,523,dyad 523 Government of Iraq vs Ansar al-Islam (Iraq) onset 2004-01-18 intensity 1,645,libya_sanctions_lifted_2004,96
2004-03-01,mid,4518,dispute 4518 SYR-USA 2004-03-01..2004-04-16 hihost 4,2;652,libya_sanctions_lifted_2004,53
2004-03-10,mid,4560,dispute 4560 INS-THI 2004-03-10..2004-03-10 hihost 4,800;850,libya_sanctions_lifted_2004,44
2004-03-14,mid,4519,dispute 4519 IRN-USA 2004-03-14..2004-03-14 hihost 4,2;630,libya_sanctions_lifted_2004,40
2004-04-02,mid,4422,dispute 4422 GRG-RUS 2004-04-02..2004-08-06 hihost 4,365;372,libya_sanctions_lifted_2004,21
2004-04-04,ucdp,13891,dyad 13891 Government of Iraq vs al-Mahdi Army (Iraq) onset 2004-04-04 intensity 2,645,libya_sanctions_lifted_2004,19
2004-05-18,mid,4561,dispute 4561 IND-PAK 2004-05-18..2004-05-18 hihost 4,750;770,opec_hike_beirut_june_2004,16
2004-06-10,icb,445,S. OSSETIA/ABKHAZIA 2004-06-10..2004-11-05 viol 2.0,365;372,opec_hike_beirut_june_2004,7
2004-06-11,mid,4522,dispute 4522 IRN-QAT 2004-06-11..2004-06-14 hihost 4,630;694,opec_hike_beirut_june_2004,8
2004-06-15,mid,4523,dispute 4523 IRN-IRQ 2004-06-15..2005-01-06 hihost 4,630;645,opec_hike_beirut_june_2004,12
2004-06-19,ucdp,524,dyad 524 Government of Iraq vs IS (Iraq) onset 2004-06-19 intensity 2,645,opec_hike_beirut_june_2004,16
2004-09-23,mid,4525,dispute 4525 IRN-TUR 2004-09-23..2004-09-28 hihost 4,630;640,iraq_pipeline_south_2004,27
2004-11-17,mid,4526,dispute 4526 EGY-ISR 2004-11-17..2004-11-17 hihost 4,651;666,suez_tropic_brilliance_2004,9
2004-12-28,ucdp,11299,dyad 11299 Government of India vs NLFT-B (India) onset 2004-12-28 intensity 1,750,yukos_yugansk_auction_2004,9
2005-01-18,mid,4566,dispute 4566 IND-PAK 2005-01-18..2005-10-17 hihost 4,750;770,yukos_yugansk_auction_2004,30
2005-01-30,ucdp,453,dyad 453 Government of India vs CPI-Maoist (India) onset 2005-01-30 intensity 1,750,yukos_yugansk_auction_2004,42
2005-02-10,ucdp,525,dyad 525 Government of Iraq vs RJF (Iraq) onset 2005-02-10 intensity 1,645,yukos_yugansk_auction_2004,53
2005-03-22,mid,4424,dispute 4424 GRG-RUS 2005-03-22..2006-09-28 hihost 4,365;372,yukos_yugansk_auction_2004,93
2005-04-22,mid,4527,dispute 4527 IRQ-SYR-USA 2005-04-22..2005-07-22 hihost 4,2;645;652,yukos_yugansk_auction_2004,124
2005-05-08,mid,4568,dispute 4568 PAK-USA 2005-05-08..2005-05-08 hihost 4,2;770,iea_release_katrina_2005,117
2005-06-17,ucdp,823,dyad 823 Government of Turkey vs MKP (Turkey) onset 2005-06-17 intensity 1,640,iea_release_katrina_2005,77
2005-07-08,gpr,20050708,"GPRD 469.2 > p99 337.84 (1987+, n 14489)",,iea_release_katrina_2005,56
2005-07-28,mid,4529,dispute 4529 IRN-IRQ 2005-07-28..2005-08-04 hihost 4,630;645,iea_release_katrina_2005,36
2005-08-07,ucdp,754,dyad 754 Government of Iran vs PJAK (Iran) onset 2005-08-07 intensity 1,630,iea_release_katrina_2005,26
2005-09-17,mid,4530,dispute 4530 SAU-YEM 2005-09-17..2005-09-17 hihost 4,670;679,iea_release_katrina_2005,15
2005-10-04,icb,446,ETHIOPIA-ERITREA II 2005-10-04..2006-01-11 viol 2.0,530;531,iea_release_katrina_2005,32
2005-10-24,mid,4429,dispute 4429 NOR-RUS 2005-10-24..2005-10-27 hihost 4,365;385,opec_2005_12_12,49
2005-11-28,mid,4571,dispute 4571 PAK-USA 2005-11-28..2006-01-14 hihost 4,2;770,opec_2005_12_12,14
2006-04-07,ucdp,755,dyad 755 Government of Iran vs Jondullah (Iran) onset 2006-04-07 intensity 1,630,saudi_abqaiq_foiled_2006,42
2006-05-05,icb,450,N. KOREA NUCLEAR III 2006-05-05..2007-10-03 viol 1.0,2;731,israel_hezbollah_war_2006,68
2006-06-02,mid,4531,dispute 4531 EGY-ISR 2006-06-02..2006-06-02 hihost 4,651;666,israel_hezbollah_war_2006,40
2006-06-09,ucdp,481,dyad 481 Government of Israel vs PRC (Israel) onset 2006-06-09 intensity 1,666,israel_hezbollah_war_2006,33
2006-06-28,mid,4532,dispute 4532 ISR-SYR 2006-06-28..2006-07-28 hihost 4,652;666,israel_hezbollah_war_2006,14
2006-08-11,mid,4500,dispute 4500 COL-VEN 2006-08-11..2006-08-11 hihost 4,100;101,israel_hezbollah_war_2006,30
2006-08-16,mid,4477,dispute 4477 JPN-RUS 2006-08-16..2006-08-16 hihost 4,365;740,israel_hezbollah_war_2006,35
2006-08-19,mid,4533,dispute 4533 ISR-LEB 2006-08-19..2009-03-03 hihost 4,660;666,israel_hezbollah_war_2006,38
2006-09-08,mid,4534,dispute 4534 IRN-IRQ 2006-09-08..2006-09-08 hihost 4,630;645,israel_hezbollah_war_2006,58
2006-10-09,icb,452,ETHIOPIA INVASION SOMALIA 2006-10-09..2007-01-02 viol 2.0,530,opec_cut_abuja_dec_2006,66
2006-10-24,ucdp,749,dyad 749 Government of Somalia vs ARS/UIC (Somalia) onset 2006-10-24 intensity 1,520,opec_cut_abuja_dec_2006,51
2006-10-28,mid,4575,dispute 4575 PAK-USA 2006-10-28..2010-12-28 hihost 4,2;770,opec_cut_abuja_dec_2006,47
2007-01-11,mid,4535,dispute 4535 IRN-USA 2007-01-11..2007-04-01 hihost 4,2;630,opec_cut_abuja_dec_2006,28
2007-01-20,mid,4536,dispute 4536 IRN-IRQ 2007-01-20..2009-10-01 hihost 4,630;645,opec_cut_abuja_dec_2006,37
2007-01-22,mid,4577,dispute 4577 PAK-USA 2007-01-22..2007-02-27 hihost 4,2;770,opec_cut_abuja_dec_2006,39
2007-02-14,mid,4578,dispute 4578 AFG-IRN 2007-02-14..2007-09-08 hihost 4,630;700,opec_cut_abuja_dec_2006,62
2007-03-01,mid,4501,dispute 4501 COL-ECU 2007-03-01..2007-03-28 hihost 4,100;130,opec_cut_abuja_dec_2006,77
2007-05-28,mid,4537,dispute 4537 IRQ-TUR 2007-05-28..2009-05-28 hihost 4,640;645,opec_2007_09_11,106
2007-08-06,mid,4436,dispute 4436 GRG-RUS 2007-08-06..2010-12-28 hihost 4,365;372,opec_2007_09_11,36
2007-08-28,mid,4538,dispute 4538 IRN-USA 2007-08-28..2007-08-28 hihost 4,2;630,opec_2007_09_11,14
2007-09-06,mid,4539,dispute 4539 ISR-SYR 2007-09-06..2007-09-06 hihost 4,652;666,opec_2007_09_11,5
2007-11-28,ucdp,899,dyad 899 Government of Russia (Soviet Union) vs Forces of the Caucasus Emirate (Russia (Soviet Union)) onset 2007-11-28 intensity 1,365,sa_power_crisis_2008,58
2008-01-17,ucdp,750,dyad 750 Government of Somalia vs Al-Shabaab (Somalia) onset 2008-01-17 intensity 2,520,sa_power_crisis_2008,8
2008-04-07,icb,456,DJIBOUTI-ERITREA 2008-04-07..2008-06-28 viol 2.0,522;531,bush_spr_halt_2008,42
2008-04-09,mid,4583,dispute 4583 AFG-IRN 2008-04-09..2008-04-20 hihost 4,630;700,bush_spr_halt_2008,40
2008-05-14,mid,4585,dispute 4585 IND-PAK 2008-05-14..2010-12-28 hihost 4,750;770,bush_spr_halt_2008,5
2008-06-11,ucdp,902,"dyad 902 Government of Djibouti vs Government of Eritrea (Djibouti, Eritrea) onset 2008-06-11 intensity 1",522;531,nigeria_mend_bonga_2008,8
2008-07-16,ucdp,10855,dyad 10855 Government of Yemen (North Yemen) vs Ansarallah (Yemen (North Yemen)) onset 2008-07-16 intensity 1,678,btc_pipeline_blast_2008,20
2008-09-30,ucdp,771,dyad 771 Government of India vs PREPAK (India) onset 2008-09-30 intensity 1,750,lehman_collapse_2008,15
2008-10-08,ucdp,770,dyad 770 Government of India vs KCP (India) onset 2008-10-08 intensity 1,750,opec_emergency_cut_2008,16
2008-12-22,ucdp,901,dyad 901 Government of India vs PULF (India) onset 2008-12-22 intensity 1,750,opec_record_cut_oran_2008,5
2009-01-28,mid,4484,dispute 4484 JPN-RUS 2009-01-28..2009-01-28 hihost 4,365;740,opec_record_cut_oran_2008,42
2009-01-28,mid,4542,dispute 4542 FRN-ISR 2009-01-28..2009-01-28 hihost 4,220;666,opec_record_cut_oran_2008,42
2009-02-19,mid,4485,dispute 4485 CHN-RUS 2009-02-19..2009-02-19 hihost 4,365;710,opec_record_cut_oran_2008,64
2009-02-25,mid,4543,dispute 4543 IRN-USA 2009-02-25..2009-02-25 hihost 4,2;630;645,opec_record_cut_oran_2008,70
2009-02-27,mid,4402,dispute 4402 ANG-DRC 2009-02-27..2009-02-27 hihost 4,490;540,opec_record_cut_oran_2008,72
2009-03-11,icb,459,N. KOREA NUCLEAR IV-SATELLITE LAUNCH 2009-03-11..2009-08-04 viol 1.0,2;731;732;740,opec_2009_05_28,78
2009-04-23,mid,4594,dispute 4594 AFG-IRN 2009-04-23..2009-04-23 hihost 4,630;700,opec_2009_05_28,35
2009-05-21,ucdp,752,dyad 752 Government of Somalia vs Hizbul Islam (Somalia) onset 2009-05-21 intensity 1,520,opec_2009_05_28,7
2009-06-12,ucdp,886,dyad 886 Government of India vs NDFB - RD (India) onset 2009-06-12 intensity 1,750,opec_2009_05_28,15
2009-07-26,ucdp,640,dyad 640 Government of Nigeria vs JAS (Nigeria) onset 2009-07-26 intensity 1,475,mend_amnesty_2009,11
2009-08-17,mid,4544,dispute 4544 EGY-ISR 2009-08-17..2009-08-17 hihost 4,651;666,mend_amnesty_2009,11
2009-09-11,mid,4545,dispute 4545 ISR-LEB 2009-09-11..2010-12-28 hihost 4,660;666,mend_amnesty_2009,36
2009-12-17,mid,4546,dispute 4546 IRN-IRQ 2009-12-17..2010-01-28 hihost 4,630;645,mend_amnesty_2009,133
2009-12-17,ucdp,459,dyad 459 Government of Yemen (North Yemen) vs AQAP (Yemen (North Yemen)) onset 2009-12-17 intensity 1,678,mend_amnesty_2009,133
2010-03-26,icb,461,CHEONAN SINKING 2010-03-26..2010-07-26 viol 2.0,731;732,iran_cisada_2010,97
2010-03-28,mid,4488,dispute 4488 CHN-DRV 2010-03-28..2010-12-28 hihost 4,710;816,iran_cisada_2010,95
2010-05-12,mid,4547,dispute 4547 IRN-IRQ 2010-05-12..2010-12-28 hihost 4,630;645,iran_cisada_2010,50
2010-09-07,mid,4491,dispute 4491 CHN-JPN 2010-09-07..2010-12-28 hihost 4,710;740,rus_grain_ban_2010,33
2010-09-27,mid,4598,dispute 4598 PAK-USA 2010-09-27..2010-12-28 hihost 4,2;770,rus_grain_ban_2010,53
2010-10-12,mid,4599,dispute 4599 AFG-IRN 2010-10-12..2010-12-28 hihost 4,630;700,rus_grain_ban_2010,68
2010-11-23,icb,462,YEONPYEONG ISLAND 2010-11-23..2011-06-19 viol 2.0,731;732,egypt_revolution_2011,63
2011-01-13,mid,4636,dispute 4636 AFG-PAK-USA 2011-01-13..2014-12-14 hihost 4,2;700;770,egypt_revolution_2011,12
2011-02-22,icb,464,LIBYAN CIVILWAR 2011-02-22..2011-10-20 viol 4.0,2;20;200;220;325;620;694,libya_civil_war_2011,5
2011-02-25,mid,4703,dispute 4703 CHN-PHI 2011-02-25..2012-06-15 hihost 4,710;840,libya_civil_war_2011,8
2011-03-04,ucdp,11980,dyad 11980 Government of Libya vs NTC (Libya) onset 2011-03-04 intensity 2,620,fukushima_2011,7
2011-03-18,mid,4685,dispute 4685 CAN-FRN-JOR-LIB-NOR-QAT-TUR-UAE-UKG-USA 2011-03-18..2011-08-23 hihost 4,2;20;200;210;211;212;220;230;235;255;290;310;316;317;325;339;341;344;349;350;355;360;366;367;368;380;385;390;395;620;640;663;694;696,fukushima_2011,7
2011-04-05,mid,4658,dispute 4658 ISR-SUD 2011-04-05..2011-04-05 hihost 4,625;666,fukushima_2011,25
2011-04-11,mid,4665,dispute 4665 AFG-IRN 2011-04-11..2011-10-15 hihost 4,630;700,fukushima_2011,31
2011-05-15,mid,4687,dispute 4687 ISR-SYR 2011-05-15..2014-12-23 hihost 4,652;666,opec_no_deal_june_2011,24
2011-06-18,mid,4629,dispute 4629 GRG-RUS 2011-06-18..2011-09-07 hihost 4,365;372,iea_release_libya_2011,5
2011-08-01,ucdp,11758,dyad 11758 Government of Yemen (North Yemen) vs Islah (Yemen (North Yemen)) onset 2011-08-01 intensity 1,678,escondida_strike_2011,11
2011-08-02,ucdp,11973,dyad 11973 Government of Syria vs Syrian insurgents (Syria) onset 2011-08-02 intensity 2,652,escondida_strike_2011,12
2011-08-17,mid,4632,dispute 4632 IRQ-TUR 2011-08-17..2013-02-21 hihost 4,640;645,escondida_strike_2011,27
2011-08-18,mid,4674,dispute 4674 EGY-ISR 2011-08-18..2011-09-13 hihost 4,651;666,escondida_strike_2011,28
2011-08-20,ucdp,17474,dyad 17474 Government of Yemen (North Yemen) vs Alliance of Yemeni Tribes (Yemen (North Yemen)) onset 2011-08-20 intensity 1,678,escondida_strike_2011,30
2011-09-12,ucdp,10885,dyad 10885 Government of Libya vs Forces of Muammar Gaddafi (Libya) onset 2011-09-12 intensity 1,620,escondida_strike_2011,53
2011-09-15,mid,4689,dispute 4689 LEB-SYR 2011-09-15..2014-12-28 hihost 4,652;660,escondida_strike_2011,56
2011-09-20,ucdp,10857,dyad 10857 Government of Yemen (North Yemen) vs Free Yemeni Army (Yemen (North Yemen)) onset 2011-09-20 intensity 1,678,escondida_strike_2011,61
2011-09-28,mid,4677,dispute 4677 NOR-RUS 2011-09-28..2011-10-01 hihost 4,365;385,sanc_2011_11_21,54
2011-10-19,mid,4642,dispute 4642 AZE-IRN 2011-10-19..2011-11-19 hihost 4,373;630,sanc_2011_11_21,33
2011-12-01,mid,4659,dispute 4659 ISR-SUD 2011-12-01..2011-12-01 hihost 4,625;666,sanc_2011_11_21,10
2012-02-22,mid,4700,dispute 4700 CHN-DRV 2012-02-22..2012-04-20 hihost 4,710;816,swift_cutoff_iran_2012,22
2012-05-27,mid,4666,dispute 4666 AFG-IRN 2012-05-27..2012-05-27 hihost 4,630;700,opec_2012_06_05,9
2012-07-17,mid,4640,dispute 4640 CHN-RUS 2012-07-17..2012-07-20 hihost 4,365;710,marikana_strike_2012,30
2012-07-27,mid,4688,dispute 4688 JOR-SYR 2012-07-27..2012-12-28 hihost 4,652;663,marikana_strike_2012,20
2012-09-07,ucdp,13821,dyad 13821 Government of Syria vs PYD (Syria) onset 2012-09-07 intensity 1,652,marikana_strike_2012,22
2012-10-03,icb,468,SYRIA-TURKEY BORDER INCIDENTS 2012-10-03..2012-12-04 viol 2.0,640,marikana_strike_2012,48
2012-10-23,mid,4660,dispute 4660 ISR-SUD 2012-10-23..2012-10-23 hihost 4,625;666,marikana_strike_2012,68
2012-11-01,mid,4603,dispute 4603 IRN-USA 2012-11-01..2013-03-12 hihost 4,2;630,marikana_strike_2012,77
2012-11-15,ucdp,11971,dyad 11971 Government of India vs GNLA (India) onset 2012-11-15 intensity 1,750,marikana_strike_2012,91
2012-12-04,ucdp,11984,dyad 11984 Government of Algeria vs MUJAO (Algeria) onset 2012-12-04 intensity 1,615,marikana_strike_2012,110
2013-02-12,icb,469,N. KOREA NUCLEAR V 2013-02-12..2013-08-14 viol 1.0,2;731;732;740,opec_2013_05_31,108
2013-03-02,ucdp,12139,dyad 12139 Government of Malaysia vs Sultanate of Sulu (Malaysia) onset 2013-03-02 intensity 1,820,opec_2013_05_31,90
2013-03-20,mid,4701,dispute 4701 CHN-DRV 2013-03-20..2013-07-07 hihost 4,710;816,opec_2013_05_31,72
2013-04-15,mid,4719,dispute 4719 CHN-IND 2013-04-15..2013-12-21 hihost 4,710;750,opec_2013_05_31,46
2013-05-10,mid,4667,dispute 4667 AFG-IRN 2013-05-10..2013-05-10 hihost 4,630;700,opec_2013_05_31,21
2013-07-18,mid,4681,dispute 4681 RUS-UKR 2013-07-18..2013-07-18 hihost 4,365;369,libya_jathran_blockade_2013,14
2013-07-25,ucdp,14620,dyad 14620 Government of Syria vs IS (Syria) onset 2013-07-25 intensity 2,652,libya_jathran_blockade_2013,7
2013-08-13,mid,4670,dispute 4670 IND-IRN 2013-08-13..2013-08-16 hihost 4,630;750,libya_jathran_blockade_2013,12
2013-08-21,icb,470,SYRIA CHEMICAL WEAPONS 2013-08-21..2013-09-21 viol 4.0,2;652,libya_jathran_blockade_2013,20
2013-09-26,mid,4690,dispute 4690 JOR-SYR 2013-09-26..2013-09-26 hihost 4,652;663,libya_jathran_blockade_2013,56
2013-10-20,mid,4608,dispute 4608 ECU-PAN 2013-10-20..2013-10-23 hihost 4,95;130,sanc_2013_11_24,35
2013-10-27,mid,4672,dispute 4672 IRN-PAK 2013-10-27..2014-12-28 hihost 4,630;770,sanc_2013_11_24,28
2013-11-28,mid,4639,dispute 4639 KZK-RUS 2013-11-28..2013-11-28 hihost 4,365;705,sanc_2013_11_24,4
2013-11-29,ucdp,15539,dyad 15539 Government of Libya vs ASL (Libya) onset 2013-11-29 intensity 1,620,sanc_2013_11_24,5
2013-12-11,ucdp,14102,dyad 14102 Government of India vs NDFB-S (India) onset 2013-12-11 intensity 1,750,opec_2013_12_04,7
2014-02-22,icb,471,CRIMEA-DONBASS 2014-02-22..2015-02-18 viol 4.0,365;369,kirkuk_ceyhan_isis_2014,8
2014-02-24,mid,4683,dispute 4683 RUS-UKR 2014-02-24..2014-09-18 hihost 4,365;369,kirkuk_ceyhan_isis_2014,6
2014-03-11,mid,4704,dispute 4704 CHN-PHI 2014-03-11..2014-05-10 hihost 4,710;840,kirkuk_ceyhan_isis_2014,9
2014-04-02,mid,4682,dispute 4682 RUS-UKR 2014-04-02..2014-12-28 hihost 4,365;369,kirkuk_ceyhan_isis_2014,31
2014-04-14,mid,4604,dispute 4604 AFG-USA 2014-04-14..2014-09-10 hihost 4,2;700,kirkuk_ceyhan_isis_2014,43
2014-05-02,icb,472,CHINESE OIL RIG 2014-05-02..2014-07-16 viol 2.0,710;816,mosul_isis_offensive_2014,39
2014-05-02,ucdp,12487,dyad 12487 Government of Egypt vs Ansar Bayt al-Maqdis (Egypt) onset 2014-05-02 intensity 1,651,mosul_isis_offensive_2014,39
2014-05-04,mid,4702,dispute 4702 CHN-DRV 2014-05-04..2014-08-18 hihost 4,710;816,mosul_isis_offensive_2014,37
2014-05-07,mid,4669,dispute 4669 AFG-IRN 2014-05-07..2014-05-07 hihost 4,630;700,mosul_isis_offensive_2014,34
2014-06-02,mid,4633,dispute 4633 IRQ-TUR 2014-06-02..2014-06-02 hihost 4,640;645,mosul_isis_offensive_2014,8
2014-07-28,mid,4675,dispute 4675 EGY-ISR 2014-07-28..2014-07-28 hihost 4,651;666,russia_sectoral_sanctions_2014,12
2014-08-03,ucdp,14244,dyad 14244 Government of Lebanon vs IS (Lebanon) onset 2014-08-03 intensity 1,660,russia_sectoral_sanctions_2014,18
2014-09-08,ucdp,14249,dyad 14249 Government of Libya vs Zintan Military Council (Libya) onset 2014-09-08 intensity 1,620,russia_oiltech_ban_2014,4
2014-10-06,icb,473,INDIA-PAKISTAN BORDER FIRING 2014-10-06..2014-10-28 viol 2.0,750;770,russia_oiltech_ban_2014,24
2014-10-10,mid,4696,dispute 4696 CHN-ROK 2014-10-10..2014-10-10 hihost 4,710;732,russia_oiltech_ban_2014,28
2014-11-04,ucdp,14059,dyad 14059 Government of Libya vs Forces of the House of Representatives (Libya) onset 2014-11-04 intensity 1,620,opec_declines_cut_2014,23
2014-11-11,mid,4726,dispute 4726 PAK-USA 2014-11-11..2014-11-11 hihost 4,2;770,opec_declines_cut_2014,16
2015-01-22,icb,474,HOUTHI REBELLION 2015-01-22..2020-12-26 viol 4.0,670;696,libya_ports_clashes_2014,39
2015-01-29,ucdp,14677,dyad 14677 Government of Egypt vs IS (Egypt) onset 2015-01-29 intensity 1,651,libya_ports_clashes_2014,46
2015-03-18,ucdp,14745,dyad 14745 Government of Libya vs IS (Libya) onset 2015-03-18 intensity 1,620,saudi_intervention_yemen_2015,8
2015-03-20,ucdp,14609,dyad 14609 Government of Yemen (North Yemen) vs IS (Yemen (North Yemen)) onset 2015-03-20 intensity 1,678,saudi_intervention_yemen_2015,6
2015-03-22,ucdp,14669,dyad 14669 Government of Nigeria vs IS (Nigeria) onset 2015-03-22 intensity 2,475,saudi_intervention_yemen_2015,4
2015-05-20,ucdp,14847,dyad 14847 Government of Algeria vs IS (Algeria) onset 2015-05-20 intensity 1,615,saudi_intervention_yemen_2015,55
2015-06-04,ucdp,14685,dyad 14685 Government of India vs UNLFW (India) onset 2015-06-04 intensity 1,750,iran_jcpoa_agreed_2015,40
2015-08-28,icb,475,KOREAN LAND MINE 2015-08-28..2015-08-25 viol 2.0,731;732,china_yuan_deval_2015,17
2015-10-10,ucdp,14619,dyad 14619 Government of Russia (Soviet Union) vs IS (Russia (Soviet Union)) onset 2015-10-10 intensity 1,365,opec_2015_12_04,55
2015-11-14,ucdp,14701,dyad 14701 Government of Turkey vs IS (Turkey) onset 2015-11-14 intensity 1,640,opec_2015_12_04,20
2015-11-17,gpr,20151117,"GPRD 354.1 > p99 337.84 (1987+, n 14489)",,opec_2015_12_04,17
2015-11-24,icb,476,TURKEY-RUSSIA JET INCIDENT 2015-11-24..2016-06-28 viol 2.0,2;200;220;260;365;390;640,opec_2015_12_04,10
2016-01-06,icb,477,NORTH KOREA NUCLEAR VI 2016-01-06..2016-12-02 viol 1.0,2;731;732;740,iran_implementation_day_2016,10
2016-04-23,ucdp,14784,dyad 14784 Government of Syria vs SDF (Syria) onset 2016-04-23 intensity 1,652,nigeria_nda_escravos_2016,32
2016-06-09,icb,479,EAST CHINA SEA 2016-06-09..2016-06-14 viol 1.0,740,nigeria_nda_escravos_2016,15
2016-07-16,ucdp,15065,dyad 15065 Government of Turkey vs Yurtta Sulh Konseyi (Turkey) onset 2016-07-16 intensity 1,640,nigeria_nda_escravos_2016,52
2016-08-24,icb,481,OPERATION EUPHRATES SHIELD 2016-08-24..2017-03-28 viol 4.0,640;652,opec_algiers_accord_2016,35
2016-09-18,icb,482,URI BASE ATTACK 2016-09-18..2016-09-20 viol 2.0,750;770,opec_algiers_accord_2016,10
2016-12-18,ucdp,14741,dyad 14741 Government of Jordan vs IS (Jordan) onset 2016-12-18 intensity 1,663,opec_agrees_cut_2016,18
2016-12-31,ucdp,15993,dyad 15993 Government of Angola vs FLEC-FAC-TN (Angola) onset 2016-12-31 intensity 1,540,opec_agrees_cut_2016,31
2017-04-04,icb,486,SYRIA CHEMICAL WEAPONS II 2017-04-04..2017-04-24 viol 4.0,2;365;652,opec_extend_may_2017,51
2017-06-11,ucdp,14895,dyad 14895 Government of Iran vs IS (Iran) onset 2017-06-11 intensity 1,630,qatar_gulf_blockade_2017,6
2017-07-03,icb,487,NORTH KOREA NUCLEAR VII 2017-07-03..2018-06-12 viol 1.0,2;731;732;740,qatar_gulf_blockade_2017,28
2017-07-14,ucdp,14973,dyad 14973 Government of Egypt vs Harakit Sawa'id Misr (Egypt) onset 2017-07-14 intensity 1,651,qatar_gulf_blockade_2017,39
2017-10-20,ucdp,15262,dyad 15262 Government of Egypt vs Jama'at Ansar al-Islam (Egypt) onset 2017-10-20 intensity 1,651,kirkuk_seizure_2017,4
2017-11-04,icb,497,DETENTION OF HARIRI 2017-11-04..2017-11-21 viol 1.0,660,kirkuk_seizure_2017,19
2017-11-08,ucdp,15333,dyad 15333 Government of Libya vs PFLL (Libya) onset 2017-11-08 intensity 1,620,kirkuk_seizure_2017,23
2017-11-30,ucdp,15298,dyad 15298 Government of Yemen (North Yemen) vs GPC (Yemen (North Yemen)) onset 2017-11-30 intensity 1,678,kaz_uranium_cut_2017,4
2018-02-10,icb,488,ISRAEL-IRAN CLASHES IN SYRIA 2018-02-10..2018-05-10 viol 2.0,630;666,us_steel_alu_tariffs_2018,26
2018-03-21,ucdp,17247,dyad 17247 Government of Colombia vs FARC-EMC (Colombia) onset 2018-03-21 intensity 1,100,drc_mining_code_2018,12
2018-04-07,icb,489,SYRIA CHEMICAL WEAPONS III 2018-04-07..2018-04-14 viol 4.0,2;200;220;365;652,bab_el_mandeb_houthi_tanker_2018,4
2018-04-15,icb,490,UAE WITHDRAWAL FROM SOMALIA 2018-04-15..2018-04-22 viol 3.0,520,bab_el_mandeb_houthi_tanker_2018,12
2018-04-29,ucdp,15633,"dyad 15633 Government of Iran vs Government of Israel (Iran, Israel) onset 2018-04-29 intensity 1",630;666,iran_sanctions_reimposed_2018,9
2018-05-15,ucdp,11545,dyad 11545 Government of Somalia vs Republic of Somaliland (Somalia) onset 2018-05-15 intensity 1,520,iran_sanctions_reimposed_2018,7
2018-09-06,icb,491,SEA OF AZOV 2018-09-06..2018-12-28 viol 2.0,365;369,iran_metals_windown_2018,31
2019-01-20,icb,492,ISRAEL-IRAN CLASHES IN SYRIA II 2019-01-20..2019-02-13 viol 2.0,630;652;666,venezuela_sanctions_2019,8
2019-01-23,icb,493,VENEZUELAN ELECTION 2019-01-23..2019-05-10 viol 1.0,101,venezuela_sanctions_2019,5
2019-02-13,ucdp,12556,dyad 12556 Government of Iran vs Jaish al-Adl (Iran) onset 2019-02-13 intensity 1,630,lasbambas_blockade_2019,11
2019-02-14,icb,494,PULWAMA SUICIDE BOMBING 2019-02-14..2019-03-01 viol 2.0,750;770,lasbambas_blockade_2019,12
2019-06-18,icb,495,SOLEIMANI ASSASSINATION 2019-06-18..2020-01-08 viol 2.0,2;630,gulf_of_oman_tanker_attacks_2019,5
2019-06-22,ucdp,16023,dyad 16023 Government of Ethiopia vs Military faction (forces of Asaminew Tsige) (Ethiopia) onset 2019-06-22 intensity 1,530,gulf_of_oman_tanker_attacks_2019,9
2019-10-06,ucdp,16240,dyad 16240 Government of Ethiopia vs OLA (Ethiopia) onset 2019-10-06 intensity 1,530,ecuador_leaves_opec_2019,5
2020-01-07,gpr,20200107,"GPRD 413.5 > p99 337.84 (1987+, n 14489)",,soleimani_strike_2020,4
2020-01-09,gpr,20200109,"GPRD 394.5 > p99 337.84 (1987+, n 14489)",,soleimani_strike_2020,6
2020-02-27,icb,498,OPERATION SPRING SHIELD 2020-02-27..2020-03-05 viol 4.0,365;640;652,arg_soy_tax_2020,6
2020-05-05,icb,499,GALWAN VALLEY BORDER CLASH 2020-05-05..2021-02-10 viol 2.0,710;750,neg_wti_2020,15
2020-11-13,icb,503,INDIA-PAKISTAN BORDER FIRING II 2020-11-13..2021-02-25 viol 2.0,750;770,saudi_jeddah_depot_2020,10
2020-11-27,icb,504,FAKHRIZADEH ASSASSINATION 2020-11-27..2020-12-03 viol 2.0,630,saudi_jeddah_depot_2020,4
2021-01-09,icb,506,US VISIT TO WESTERN SAHARA 2021-01-09..2021-01-18 viol 1.0,615,hankuk_chemi_seizure_2021,5
2021-01-09,icb,507,US-TAIWAN DIPLOMATIC VISITS II 2021-01-09..2021-11-15 viol 1.0,710;713,hankuk_chemi_seizure_2021,5
2021-01-13,icb,508,ISRAEL-IRAN CLASHES IN SYRIA III 2021-01-13..2021-01-22 viol 4.0,630;652,hankuk_chemi_seizure_2021,9
2021-01-22,icb,509,CHINA COAST GUARD LAW 2021-01-22..2021-05-17 viol 1.0,740,rus_wheat_floattax_2021,13
2021-04-24,ucdp,14636,dyad 14636 Government of Nigeria vs IPOB (Nigeria) onset 2021-04-24 intensity 1,475,colonial_pipeline_shutdown_2021,13
2022-06-14,ucdp,16920,dyad 16920 Government of Ethiopia vs GLF (Ethiopia) onset 2022-06-14 intensity 1,530,sanc_2022_06_03,11
2023-06-27,ucdp,17147,dyad 17147 Government of Ethiopia vs Fano (Ethiopia) onset 2023-06-27 intensity 2,530,chn_gage_2023,6
2023-08-23,ucdp,17528,dyad 17528 Government of Russia (Soviet Union) vs Wagner (Russia (Soviet Union)) onset 2023-08-23 intensity 1,365,gabon_coup_2023,7
2023-09-26,ucdp,17509,dyad 17509 Government of Russia (Soviet Union) vs RDK (Russia (Soviet Union)) onset 2023-09-26 intensity 1,365,eu_cbam_2023,5
2023-11-23,ucdp,18806,dyad 18806 Government of Israel vs Palestinian Mujahideen Movement (Israel) onset 2023-11-23 intensity 1,666,me_galaxy_leader_2023,4
2024-09-05,ucdp,17249,dyad 17249 Government of Colombia vs FARC - Segunda Marquetalia  (Colombia) onset 2024-09-05 intensity 1,100,kaz_uranium_acid_2024,13
2025-05-22,ucdp,18195,"dyad 18195 Government of Israel vs Government of Yemen (North Yemen) (Israel, Yemen (North Yemen)) onset 2025-05-22 intensity 1",666;678,uschina_geneva_truce_2025,10
2025-12-27,ucdp,16617,dyad 16617 Government of Yemen (North Yemen) vs STC (Yemen (North Yemen)) onset 2025-12-27 intensity 1,678,rus_novorossiysk_terminal_2025,43
2026-03-09,gpr,20260309,"GPRD 372.1 > p99 337.84 (1987+, n 14489)",,hormuz_closure_2026,5
2026-03-17,gpr,20260317,"GPRD 354.1 > p99 337.84 (1987+, n 14489)",,hormuz_closure_2026,13
2026-03-19,gpr,20260319,"GPRD 375.7 > p99 337.84 (1987+, n 14489)",,hormuz_closure_2026,15
2026-03-24,gpr,20260324,"GPRD 402.1 > p99 337.84 (1987+, n 14489)",,hormuz_closure_2026,20
2026-03-31,gpr,20260331,"GPRD 447.8 > p99 337.84 (1987+, n 14489)",,hormuz_closure_2026,27
2026-04-09,gpr,20260409,"GPRD 447.0 > p99 337.84 (1987+, n 14489)",,hormuz_closure_2026,36
2026-04-13,gpr,20260413,"GPRD 374.4 > p99 337.84 (1987+, n 14489)",,hormuz_closure_2026,40
2026-04-16,gpr,20260416,"GPRD 348.0 > p99 337.84 (1987+, n 14489)",,hormuz_closure_2026,43
