rank,tier,date,actors,label,n_records,families,multi_source,producer,transit,severity_why,via_amendment_1,records,route_predicted,route_tested
1,A,1946-08-07,Turkey / United States,TURKISH STRAITS / hihost 4 (use of force),2,ICB+MID,1,1,1,MID hihost 4,0,ICB v16|crisno 111 ; Dyadic MID 4.03|disno 3193,,
2,A,1948-05-14,Egypt / Iraq / Israel / Jordan / Lebanon / Syria,Arab-Israeli / hihost 4 (use of force) / hihost 5 (war),3,COW+MID,1,1,1,COW inter-state war; MID hihost 4; MID hihost 5,0,Dyadic MID 4.03|disno 1793 ; COW War v4.0 inter-state|WarNum 148 ; Dyadic MID 4.03|disno 1042,,
3,A,1948-12-25,Egypt / Israel / Jordan / United Kingdom,SINAI INCURSION / hihost 4 (use of force),2,ICB+MID,1,1,1,ICB viol 3; MID hihost 4,0,ICB v16|crisno 128 ; Dyadic MID 4.03|disno 3229,,
4,A,1950-06-05,Canada / China / Colombia / Ethiopia / France / South Korea,KOREAN WAR I / Korean / hihost 4 (use of force),3,COW+ICB+MID,1,1,1,COW inter-state war; ICB viol 4; MID hihost 4,0,Dyadic MID 4.03|disno 2008 ; COW War v4.0 inter-state|WarNum 151 ; ICB v16|crisno 132,,
5,A,1950-09-28,Canada / China / Colombia / France / South Korea / Turkey,KOREAN WAR II / hihost 5 (war),2,ICB+MID,1,1,1,ICB viol 4; MID hihost 5,0,Dyadic MID 4.03|disno 51 ; ICB v16|crisno 133,,
6,A,1953-06-17,USSR/Russia,E. GERMAN UPRISING / hihost 4 (use of force),2,ICB+MID,1,1,0,ICB viol 3; MID hihost 4,0,ICB v16|crisno 141 ; Dyadic MID 4.03|disno 2036,,
7,A,1954-08-24,China / United States,Off-shore Islands / TAIWAN STRAIT I / hihost 4 (use of force),3,COW+ICB+MID,1,1,0,COW inter-state war; ICB viol 3; MID hihost 4,0,Dyadic MID 4.03|disno 2987 ; ICB v16|crisno 146 ; COW War v4.0 inter-state|WarNum 153,,
8,A,1955-02-24,Egypt / Israel / Syria,BAGHDAD PACT / GAZA RAID-CZECH. ARMS / hihost 4 (use of force),3,ICB+MID,1,1,1,ICB viol 3; MID hihost 4,0,ICB v16|crisno 148 ; ICB v16|crisno 149 ; Dyadic MID 4.03|disno 3418,,
9,A,1956-07-22,China / Egypt / France / Israel / USSR/Russia / United Kingdom,SUEZ NATN.-WAR / hihost 4 (use of force),4,ICB+MID,1,1,1,ICB viol 4; MID hihost 4,0,Dyadic MID 4.03|disno 2986 ; ICB v16|crisno 152 ; Dyadic MID 4.03|disno 605 ; Dyadic MID 4.03|disno 53,,
10,A,1956-10-15,USSR/Russia,HUNGARIAN UPRISING / POLAND LIBERALIZATION / Soviet Invasion of Hungary,4,COW+ICB+MID,1,1,0,COW inter-state war; ICB viol 3; MID hihost 5,0,ICB v16|crisno 154 ; Dyadic MID 4.03|disno 606 ; ICB v16|crisno 155 ; COW War v4.0 inter-state|WarNum 156,,
11,A,1957-04-03,Egypt / Iraq / Israel / Jordan / Syria / Turkey,JORDAN REGIME / hihost 4 (use of force),3,ICB+MID,1,1,1,MID hihost 4,0,Dyadic MID 4.03|disno 3375 ; ICB v16|crisno 157 ; Dyadic MID 4.03|disno 607,,
12,A,1958-05-07,China / India / Japan / USSR/Russia / United States,TAIWAN STRAIT II / hihost 4 (use of force) / hihost 5 (war),6,ICB+MID,1,1,0,ICB viol 3; MID hihost 4; MID hihost 5,0,Dyadic MID 4.03|disno 2853 ; Dyadic MID 4.03|disno 2852 ; Dyadic MID 4.03|disno 2215 ; Dyadic MID 4.03|disno 1707 ; ICB v16|crisno 166 ; Dyadic MID 4.03|disno 173,,
13,A,1958-05-08,Jordan / Lebanon / United Kingdom / United States,First Lebanese / IRAQ/LEB. UPHEAVAL,2,COW+ICB,1,1,1,"COW intra-state war, producer state party (Amendment 1)",1,ICB v16|crisno 165 ; COW War v4.1 intra-state|WarNum 743,,
14,A,1958-11-07,France / USSR/Russia / United Kingdom / United States / West Germany,BERLIN DEADLINE / hihost 4 (use of force),3,ICB+MID,1,1,0,MID hihost 4,0,Dyadic MID 4.03|disno 2216 ; Dyadic MID 4.03|disno 608 ; ICB v16|crisno 168,,
15,A,1959-03-06,Egypt / Iraq,Iraq-Shammar / hihost 4 (use of force),2,COW+MID,1,1,1,"COW intra-state war, producer state party (Amendment 1); MID hihost 4",0,COW War v4.1 intra-state|WarNum 747 ; Dyadic MID 4.03|disno 2998,,
16,A,1961-06-19,Egypt / France / Iran / Iraq / Jordan / Kuwait,BIZERTA / KUWAIT INDEPENDENCE / hihost 4 (use of force),4,ICB+MID,1,1,1,ICB viol 3; MID hihost 4,0,ICB v16|crisno 183 ; Dyadic MID 4.03|disno 122 ; ICB v16|crisno 184 ; Dyadic MID 4.03|disno 27,,
17,A,1962-04-22,China / India,TAIWAN STRAIT III / hihost 4 (use of force),2,ICB+MID,1,1,0,MID hihost 4,0,ICB v16|crisno 192 ; Dyadic MID 4.03|disno 1466,,
18,A,1962-09-08,China / India,CHINA/INDIA BDR. II / hihost 4 (use of force),2,ICB+MID,1,1,0,ICB viol 4; MID hihost 4,0,ICB v16|crisno 194 ; Dyadic MID 4.03|disno 1310,,
19,A,1962-09-26,Egypt / Jordan / Saudi Arabia / USSR/Russia / United Kingdom / United States,CUBAN MISSILES / North Yemen / YEMEN WAR I,6,COW+ICB+MID,1,1,1,"COW intra-state war, producer state party (Amendment 1); ICB viol 4; MID hihost 4",0,ICB v16|crisno 195 ; Dyadic MID 4.03|disno 1108 ; ICB v16|crisno 196 ; Dyadic MID 4.03|disno 610 ; Dyadic MID 4.03|disno 3244 ; COW War v4.1 intra-state|WarNum 755,,
20,A,1963-01-28,Indonesia / Malaysia / United Kingdom / Yemen Arab Republic,MALAYSIA FEDERATION / hihost 4 (use of force),3,ICB+MID,1,1,1,MID hihost 4,0,Dyadic MID 4.03|disno 2157 ; ICB v16|crisno 197 ; Dyadic MID 4.03|disno 1070,,
21,A,1963-03-19,USSR/Russia / United States,Second Laotian Phase 1 / hihost 4 (use of force),2,COW+MID,1,1,0,"COW intra-state war, producer state party (Amendment 1); MID hihost 4",0,COW War v4.1 intra-state|WarNum 756 ; Dyadic MID 4.03|disno 2218,,
22,A,1964-01-09,China / Panama / South Korea / USSR/Russia / United States,PANAMA FLAG / hihost 4 (use of force) / hihost 5 (war),3,ICB+MID,1,1,1,MID hihost 4; MID hihost 5,0,ICB v16|crisno 206 ; Dyadic MID 4.03|disno 2220 ; Dyadic MID 4.03|disno 611,,
23,A,1964-07-17,USSR/Russia / United States,CONGO II / GULF OF TONKIN / hihost 4 (use of force),3,ICB+MID,1,1,0,ICB viol 3; MID hihost 4,0,Dyadic MID 4.03|disno 2901 ; ICB v16|crisno 210 ; ICB v16|crisno 211,,
24,A,1964-12-03,Egypt / Saudi Arabia / United States / Yemen Arab Republic,YEMEN WAR III / hihost 4 (use of force),2,ICB+MID,1,1,1,ICB viol 4; MID hihost 4,0,ICB v16|crisno 212 ; Dyadic MID 4.03|disno 2906,,
25,A,1965-02-07,South Korea / United States,"PLEIKU / Vietnam War, Phase 2",2,COW+ICB,1,1,0,COW inter-state war; ICB viol 3,0,COW War v4.0 inter-state|WarNum 163 ; ICB v16|crisno 213,,
26,A,1965-04-09,China / United States,DOMINICAN INTERVENTN. / Dominican Republic / hihost 4 (use of force),3,COW+ICB+MID,1,1,0,"COW intra-state war, producer state party (Amendment 1); MID hihost 4",0,Dyadic MID 4.03|disno 2929 ; ICB v16|crisno 215 ; COW War v4.1 intra-state|WarNum 766,,
27,A,1966-09-17,Egypt / Israel / Jordan / Saudi Arabia / Syria / Yemen Arab Republic,YEMEN WAR IV / hihost 4 (use of force),2,ICB+MID,1,1,1,ICB viol 4; MID hihost 4,0,Dyadic MID 4.03|disno 3412 ; ICB v16|crisno 219,,
28,A,1967-04-28,Egypt / Israel / Japan / Jordan / South Korea / Syria,SIX DAY WAR / Six Day War / hihost 4 (use of force),7,COW+ICB+MID,1,1,1,COW inter-state war; ICB viol 4; MID hihost 4; MID hihost 5,0,Dyadic MID 4.03|disno 2933 ; Dyadic MID 4.03|disno 2930 ; ICB v16|crisno 222 ; COW War v4.0 inter-state|WarNum 169 ; Dyadic MID 4.03|disno 3446 ; Dyadic MID 4.03|disno 1480 ; Dyadic MID 4.03|disno 1067,,
29,A,1967-07-17,China / India / USSR/Russia,Cultural Revolution Phase 2 / hihost 4 (use of force),4,COW+MID,1,1,0,"COW intra-state war, producer state party (Amendment 1); MID hihost 4",0,Dyadic MID 4.03|disno 2097 ; Dyadic MID 4.03|disno 2710 ; COW War v4.1 intra-state|WarNum 776 ; Dyadic MID 4.03|disno 2935,,
30,A,1968-01-13,South Korea / United States,"PUEBLO / Second Laotian, Phase 2 / TET OFFENSIVE",3,COW+ICB,1,1,0,COW inter-state war; ICB viol 4,0,COW War v4.0 inter-state|WarNum 170 ; ICB v16|crisno 224 ; ICB v16|crisno 225,,
31,A,1968-04-09,Brazil / USSR/Russia,PRAGUE SPRING / hihost 4 (use of force),2,ICB+MID,1,1,0,MID hihost 4,0,ICB v16|crisno 227 ; Dyadic MID 4.03|disno 2923,,
32,A,1969-02-14,United States,VIETNAM SPRING OFF. / hihost 4 (use of force),2,ICB+MID,1,1,0,ICB viol 3; MID hihost 4,0,Dyadic MID 4.03|disno 350 ; ICB v16|crisno 230,,
33,A,1969-03-02,China / Egypt / Israel / USSR/Russia,USSURI RIVER / WAR OF ATTRITION / War of Attrition,4,COW+ICB+MID,1,1,1,COW inter-state war; ICB viol 3; ICB viol 4; MID hihost 4,0,Dyadic MID 4.03|disno 349 ; ICB v16|crisno 231 ; COW War v4.0 inter-state|WarNum 172 ; ICB v16|crisno 232,,
34,A,1969-04-06,Iran / Iraq,SHATT-AL-ARAB II / hihost 4 (use of force),2,ICB+MID,1,1,1,MID hihost 4,0,Dyadic MID 4.03|disno 1136 ; ICB v16|crisno 234,,
35,A,1970-03-13,United States,Communist Coalition / INVASION OF CAMBODIA,2,COW+ICB,1,1,0,COW inter-state war; ICB viol 4,0,ICB v16|crisno 237 ; COW War v4.0 inter-state|WarNum 176,,
36,A,1970-08-08,Algeria / Egypt / Israel / Jordan / Syria / United States,BLACK SEPTEMBER / Black September / CIENFUEGOS SUB. BASE,5,COW+ICB+MID,1,1,1,ICB viol 4; MID hihost 4,0,Dyadic MID 4.03|disno 3387 ; Dyadic MID 4.03|disno 1068 ; COW War v4.1 intra-state|WarNum 780 ; ICB v16|crisno 238 ; ICB v16|crisno 239,,
37,A,1972-10-23,Ecuador / United States,CHRISTMAS BOMBING / hihost 4 (use of force),2,ICB+MID,1,1,0,ICB viol 4; MID hihost 4,0,ICB v16|crisno 249 ; Dyadic MID 4.03|disno 602,,
38,A,1973-02-21,Israel / Libya / United States,LIBYAN PLANE / hihost 4 (use of force),3,ICB+MID,1,1,1,ICB viol 3; MID hihost 4,0,Dyadic MID 4.03|disno 1043 ; ICB v16|crisno 251 ; Dyadic MID 4.03|disno 2950,,
39,A,1973-10-05,Egypt / Iraq / Israel / Jordan / Saudi Arabia / Syria,OCTOBER-YOM KIPPUR WAR / Yom Kippur War / hihost 4 (use of force),4,COW+ICB+MID,1,1,1,COW inter-state war; ICB viol 4; MID hihost 4,0,ICB v16|crisno 255 ; COW War v4.0 inter-state|WarNum 181 ; Dyadic MID 4.03|disno 3380 ; Dyadic MID 4.03|disno 3437,,
40,A,1975-10-23,Angola,War over Angola / hihost 5 (war),2,COW+MID,1,1,0,COW inter-state war; MID hihost 5,0,COW War v4.0 inter-state|WarNum 186 ; Dyadic MID 4.03|disno 1441,,
41,A,1976-08-17,Israel / United States,POPLAR TREE / hihost 4 (use of force),2,ICB+MID,1,1,1,MID hihost 4,0,ICB v16|crisno 274 ; Dyadic MID 4.03|disno 2335,,
42,A,1977-03-08,Angola / Egypt / France,SHABA I / hihost 4 (use of force),2,ICB+MID,1,1,1,ICB viol 3; MID hihost 4,0,Dyadic MID 4.03|disno 2150 ; ICB v16|crisno 277,,
43,A,1977-07-12,Egypt / Libya,EGYPT/LIBYA CLASHES / hihost 4 (use of force),2,ICB+MID,1,1,1,ICB viol 3; MID hihost 4,0,Dyadic MID 4.03|disno 3126 ; ICB v16|crisno 281,,
44,A,1978-04-15,Angola / France / Libya / United States,CASSINGA INCIDENT / CHAD/LIBYA III / Fourth DRC (Shaba),5,COW+ICB+MID,1,1,0,ICB viol 3; ICB viol 4; MID hihost 4,0,Dyadic MID 4.03|disno 3631 ; ICB v16|crisno 290 ; COW War v4.1 intra-state|WarNum 811 ; ICB v16|crisno 291 ; ICB v16|crisno 292,,
45,A,1978-10-28,Libya,FALL OF AMIN / Ugandian-Tanzanian,2,COW+ICB,1,1,0,COW inter-state war; ICB viol 4,0,COW War v4.0 inter-state|WarNum 190 ; ICB v16|crisno 296,,
46,A,1979-01-27,China / USSR/Russia,Sino-Vietnamese Punitive / hihost 4 (use of force),2,COW+MID,1,1,0,COW inter-state war; MID hihost 4,0,Dyadic MID 4.03|disno 2716 ; COW War v4.0 inter-state|WarNum 193,,
47,A,1979-02-12,Iran / Iraq,Anti-Khomeini Coalition / hihost 4 (use of force),3,COW+MID,1,1,1,"COW intra-state war, producer state party (Amendment 1); MID hihost 4",0,COW War v4.1 intra-state|WarNum 816 ; Dyadic MID 4.03|disno 2113 ; Dyadic MID 4.03|disno 3025,,
48,A,1979-03-26,USSR/Russia / United States,AFGHANISTAN INVASION / hihost 4 (use of force),2,ICB+MID,1,1,0,ICB viol 3; MID hihost 4,0,Dyadic MID 4.03|disno 2053 ; ICB v16|crisno 303,,
49,A,1979-10-24,Iran / Iraq / United States,US HOSTAGES IN IRAN / hihost 4 (use of force) / hihost 5 (war),4,ICB+MID,1,1,1,MID hihost 4; MID hihost 5,0,Dyadic MID 4.03|disno 2115 ; Dyadic MID 4.03|disno 3020 ; ICB v16|crisno 309 ; Dyadic MID 4.03|disno 2967,,
50,A,1980-09-17,Iran / Iraq,Iran-Iraq / ONSET IRAN/IRAQ WAR,2,COW+ICB,1,1,1,COW inter-state war; ICB viol 4,0,ICB v16|crisno 317 ; COW War v4.0 inter-state|WarNum 199,,
51,A,1981-01-22,Ecuador,ECUADOR/PERU BDR. III / hihost 4 (use of force),2,ICB+MID,1,1,0,MID hihost 4,0,ICB v16|crisno 322 ; Dyadic MID 4.03|disno 2119,,
52,A,1981-08-12,Egypt / Libya / Oman / United States,GULF OF SYRTE I / hihost 4 (use of force),3,ICB+MID,1,1,1,MID hihost 4,0,ICB v16|crisno 330 ; Dyadic MID 4.03|disno 3099 ; Dyadic MID 4.03|disno 3098,,
53,A,1982-03-01,Argentina / United Kingdom,FALKLANDS/MALVINAS / Falkland Islands / hihost 5 (war),3,COW+ICB+MID,1,1,0,COW inter-state war; ICB viol 4; MID hihost 5,0,Dyadic MID 4.03|disno 3630 ; COW War v4.0 inter-state|WarNum 202 ; ICB v16|crisno 336,,
54,A,1983-06-24,France / Libya / United States,CHAD/LIBYA VI / hihost 4 (use of force),2,ICB+MID,1,1,0,MID hihost 4,0,ICB v16|crisno 342 ; Dyadic MID 4.03|disno 3634,,
55,A,1984-02-21,Iran / Iraq / Kuwait / Saudi Arabia / United Kingdom,BASRA-KHARG ISLAND / hihost 4 (use of force),2,ICB+MID,1,1,1,ICB viol 4; MID hihost 4,0,ICB v16|crisno 348 ; Dyadic MID 4.03|disno 3052,,
56,A,1984-03-08,Egypt / Libya / United States,OMDURMAN BOMBING / hihost 4 (use of force),2,ICB+MID,1,1,1,MID hihost 4,0,Dyadic MID 4.03|disno 3051 ; ICB v16|crisno 350,,
57,A,1986-01-13,France / Iran / Iraq / Israel / Kuwait / Libya,CAPTURE OF AL-FAW / CHAD/LIBYA VII / hihost 4 (use of force),7,ICB+MID,1,1,1,ICB viol 3; ICB viol 4; MID hihost 4,0,Dyadic MID 4.03|disno 2578 ; Dyadic MID 4.03|disno 3636 ; Dyadic MID 4.03|disno 2591 ; ICB v16|crisno 361 ; ICB v16|crisno 362 ; Dyadic MID 4.03|disno 3635 ; Dyadic MID 4.03|disno 2575,,
58,A,1986-04-26,Bahrain / Qatar,AL-DIBAL INCIDENT / hihost 4 (use of force),2,ICB+MID,1,1,1,MID hihost 4,0,Dyadic MID 4.03|disno 2572 ; ICB v16|crisno 364,,
59,A,1986-11-15,Libya,CHAD/LIBYA VIII / War over the Aouzou Strip,2,COW+ICB,1,1,0,COW inter-state war; ICB viol 4,0,COW War v4.0 inter-state|WarNum 207 ; ICB v16|crisno 370,,
60,B,1946-03-15,China,"Chinese Civil War, Phase 2",1,COW,0,1,0,"COW intra-state war, producer state party (Amendment 1)",1,COW War v4.1 intra-state|WarNum 725,,
61,B,1946-10-05,United Kingdom,hihost 4 (use of force),1,MID,0,1,0,MID hihost 4,0,Dyadic MID 4.03|disno 3192,,
62,B,1947-02-28,China,Taiwan Revolt,1,COW,0,1,0,"COW intra-state war, producer state party (Amendment 1)",1,COW War v4.1 intra-state|WarNum 726,,
63,B,1947-05-12,China / USSR/Russia,hihost 4 (use of force),1,MID,0,1,0,MID hihost 4,0,Dyadic MID 4.03|disno 3265,,
64,B,1947-07-21,Indonesia,INDONESIA INDEP. II,1,ICB,0,1,1,ICB viol 4,0,ICB v16|crisno 116,,
65,B,1947-11-28,Egypt / Iraq / Israel / Jordan / Lebanon / Syria,PAL. PRT./ISRAEL IND.,1,ICB,0,1,1,ICB viol 4,0,ICB v16|crisno 120,,
66,B,1948-01-17,Argentina / Norway / United Kingdom,hihost 4 (use of force),1,MID,0,1,0,MID hihost 4,0,Dyadic MID 4.03|disno 2840,,
67,B,1948-03-21,France / USSR/Russia / United Kingdom / United States,hihost 4 (use of force),1,MID,0,1,0,MID hihost 4,0,Dyadic MID 4.03|disno 26,,
68,B,1948-04-09,Colombia,"Seventh Colombian ""La Violencia""",1,COW,0,1,0,"COW intra-state war, producer state party (Amendment 1)",1,COW War v4.1 intra-state|WarNum 731,,
69,B,1948-09-23,United States,CHINA CIVIL WAR,1,ICB,0,1,0,ICB viol 4,0,ICB v16|crisno 125,,
70,B,1948-12-19,Indonesia,INDONESIA INDEP. III,1,ICB,0,1,1,ICB viol 4,0,ICB v16|crisno 127,,
71,B,1949-05-19,Lebanon / Syria,hihost 4 (use of force),1,MID,0,0,1,MID hihost 4,0,Dyadic MID 4.03|disno 1603,,
72,B,1949-07-01,United Kingdom / Yemen Arab Republic,hihost 4 (use of force),1,MID,0,1,1,MID hihost 4,0,Dyadic MID 4.03|disno 604,,
73,B,1949-08-13,USSR/Russia / United States,hihost 4 (use of force),1,MID,0,1,0,MID hihost 4,0,Dyadic MID 4.03|disno 1286,,
74,B,1949-10-01,China / United States,hihost 4 (use of force),3,MID,0,1,0,MID hihost 4,0,Dyadic MID 4.03|disno 633 ; Dyadic MID 4.03|disno 634 ; Dyadic MID 4.03|disno 2006,,
75,B,1949-10-18,United Kingdom,hihost 4 (use of force),1,MID,0,1,0,MID hihost 4,0,Dyadic MID 4.03|disno 2007,,
76,B,1949-12-23,Egypt / Israel,hihost 4 (use of force),1,MID,0,1,1,MID hihost 4,0,Dyadic MID 4.03|disno 3386,,
77,B,1950-02-16,Israel / Syria,hihost 4 (use of force),1,MID,0,0,1,MID hihost 4,0,Dyadic MID 4.03|disno 3411,,
78,B,1950-04-20,Israel / Jordan / USSR/Russia / United Kingdom,hihost 4 (use of force),2,MID,0,1,1,MID hihost 4,0,Dyadic MID 4.03|disno 1006 ; Dyadic MID 4.03|disno 3196,,
79,B,1950-05-28,Indonesia,South Moluccas,1,COW,0,1,1,"COW intra-state war, producer state party (Amendment 1)",1,COW War v4.1 intra-state|WarNum 733,,
80,B,1950-07-12,Israel / Syria,hihost 4 (use of force),1,MID,0,0,1,MID hihost 4,0,Dyadic MID 4.03|disno 3400,,
81,B,1950-08-17,China / United Kingdom,hihost 4 (use of force),1,MID,0,1,0,MID hihost 4,0,Dyadic MID 4.03|disno 2009,,
82,B,1950-10-09,Egypt / Israel / Syria,hihost 4 (use of force),2,MID,0,1,1,MID hihost 4,0,Dyadic MID 4.03|disno 3427 ; Dyadic MID 4.03|disno 3370,,
83,B,1950-11-23,China / France,hihost 4 (use of force),1,MID,0,1,0,MID hihost 4,0,Dyadic MID 4.03|disno 2010,,
84,B,1951-02-12,Israel / Syria,HULA DRAINAGE,1,ICB,0,0,1,ICB viol 3,0,ICB v16|crisno 134,,
85,B,1951-02-13,China / United Kingdom / United States,hihost 4 (use of force),2,MID,0,1,0,MID hihost 4,0,Dyadic MID 4.03|disno 2991 ; Dyadic MID 4.03|disno 2052,,
86,B,1951-03-18,United Kingdom,hihost 4 (use of force),1,MID,0,1,0,MID hihost 4,0,Dyadic MID 4.03|disno 2992,,
87,B,1951-07-28,Egypt / United Kingdom,SUEZ CANAL,1,ICB,0,1,1,ICB viol 3,0,ICB v16|crisno 136,,
88,B,1951-08-02,Iran / USSR/Russia,hihost 4 (use of force),1,MID,0,1,1,MID hihost 4,0,Dyadic MID 4.03|disno 3199,,
89,B,1951-08-11,Ecuador,hihost 4 (use of force),1,MID,0,1,0,MID hihost 4,0,Dyadic MID 4.03|disno 1155,,
90,B,1951-09-19,Egypt / Israel / United Kingdom,hihost 4 (use of force),2,MID,0,1,1,MID hihost 4,0,Dyadic MID 4.03|disno 3372 ; Dyadic MID 4.03|disno 7,,
91,B,1951-12-16,Israel / Syria,hihost 4 (use of force),3,MID,0,0,1,MID hihost 4,0,Dyadic MID 4.03|disno 3413 ; Dyadic MID 4.03|disno 3401 ; Dyadic MID 4.03|disno 3414,,
92,B,1952-06-28,USSR/Russia,hihost 4 (use of force),1,MID,0,1,0,MID hihost 4,0,Dyadic MID 4.03|disno 1703,,
93,B,1952-07-01,Argentina,hihost 4 (use of force),1,MID,0,1,0,MID hihost 4,0,Dyadic MID 4.03|disno 1097,,
94,B,1952-08-01,Ecuador / United States,hihost 4 (use of force),1,MID,0,1,0,MID hihost 4,0,Dyadic MID 4.03|disno 1702,,
95,B,1952-09-25,China / United Kingdom,hihost 4 (use of force),1,MID,0,1,0,MID hihost 4,0,Dyadic MID 4.03|disno 2989,,
96,B,1952-12-24,Egypt / Israel / Syria,hihost 4 (use of force),4,MID,0,1,1,MID hihost 4,0,Dyadic MID 4.03|disno 3374 ; Dyadic MID 4.03|disno 3373 ; Dyadic MID 4.03|disno 3417 ; Dyadic MID 4.03|disno 3428,,
97,B,1953-02-03,China / Japan / South Korea / USSR/Russia / United Kingdom / United States,hihost 4 (use of force) / hihost 5 (war),3,MID,0,1,0,MID hihost 4; MID hihost 5,0,Dyadic MID 4.03|disno 1344 ; Dyadic MID 4.03|disno 50 ; Dyadic MID 4.03|disno 208,,
98,B,1953-04-16,China / South Korea / United States,KOREAN WAR III,1,ICB,0,1,0,ICB viol 3,0,ICB v16|crisno 140,,
99,B,1953-05-24,United Kingdom,hihost 4 (use of force),1,MID,0,1,0,MID hihost 4,0,Dyadic MID 4.03|disno 2988,,
100,B,1953-09-09,China / United Kingdom,hihost 4 (use of force),1,MID,0,1,0,MID hihost 4,0,Dyadic MID 4.03|disno 2984,,
101,B,1953-09-20,Indonesia,Indonesia Darul Islam,1,COW,0,1,1,"COW intra-state war, producer state party (Amendment 1)",1,COW War v4.1 intra-state|WarNum 738,,
102,B,1953-10-14,Jordan,QIBYA,1,ICB,0,0,1,ICB viol 3,0,ICB v16|crisno 143,,
103,B,1953-10-17,Japan / USSR/Russia,hihost 4 (use of force),1,MID,0,1,0,MID hihost 4,0,Dyadic MID 4.03|disno 3207,,
104,B,1953-12-14,China / Japan,hihost 4 (use of force),1,MID,0,1,0,MID hihost 4,0,Dyadic MID 4.03|disno 3208,,
105,B,1954-01-24,Ecuador,hihost 4 (use of force),1,MID,0,1,0,MID hihost 4,0,Dyadic MID 4.03|disno 1156,,
106,B,1954-02-28,Israel / Syria,hihost 4 (use of force),1,MID,0,0,1,MID hihost 4,0,Dyadic MID 4.03|disno 3403,,
107,B,1954-03-13,France / United Kingdom / United States,DIEN BIEN PHU,1,ICB,0,1,0,ICB viol 4,0,ICB v16|crisno 145,,
108,B,1954-04-06,Israel / Syria,hihost 4 (use of force),1,MID,0,0,1,MID hihost 4,0,Dyadic MID 4.03|disno 3404,,
109,B,1954-05-02,USSR/Russia,hihost 4 (use of force),1,MID,0,1,0,MID hihost 4,0,Dyadic MID 4.03|disno 1448,,
110,B,1954-07-23,China / United Kingdom / United States,hihost 4 (use of force),2,MID,0,1,0,MID hihost 4,0,Dyadic MID 4.03|disno 2033 ; Dyadic MID 4.03|disno 2034,,
111,B,1954-08-15,Israel / Syria,hihost 4 (use of force),1,MID,0,0,1,MID hihost 4,0,Dyadic MID 4.03|disno 3415,,
112,B,1955-01-19,United Kingdom,hihost 4 (use of force),1,MID,0,1,0,MID hihost 4,0,Dyadic MID 4.03|disno 2037,,
113,B,1955-01-28,United States,hihost 4 (use of force),1,MID,0,1,0,MID hihost 4,0,Dyadic MID 4.03|disno 3243,,
114,B,1955-02-01,China,hihost 4 (use of force),1,MID,0,1,0,MID hihost 4,0,Dyadic MID 4.03|disno 3211,,
115,B,1955-03-24,Japan / USSR/Russia,hihost 4 (use of force),1,MID,0,1,0,MID hihost 4,0,Dyadic MID 4.03|disno 2847,,
116,B,1955-03-28,Ecuador / United States,hihost 4 (use of force),1,MID,0,1,0,MID hihost 4,0,Dyadic MID 4.03|disno 3242,,
117,B,1955-05-11,China / United States,hihost 4 (use of force),1,MID,0,1,0,MID hihost 4,0,Dyadic MID 4.03|disno 2032,,
118,B,1955-06-15,Argentina,Argentine Military,1,COW,0,1,0,"COW intra-state war, producer state party (Amendment 1)",1,COW War v4.1 intra-state|WarNum 740,,
119,B,1955-08-04,Argentina,hihost 4 (use of force),1,MID,0,1,0,MID hihost 4,0,Dyadic MID 4.03|disno 1098,,
120,B,1955-08-04,Egypt / France / Israel / Syria / USSR/Russia / United Kingdom,hihost 4 (use of force) / hihost 5 (war),2,MID,0,1,1,MID hihost 4; MID hihost 5,0,Dyadic MID 4.03|disno 3416 ; Dyadic MID 4.03|disno 200,,
121,B,1955-10-14,Egypt / Israel / Syria / Turkey,hihost 4 (use of force),2,MID,0,1,1,MID hihost 4,0,Dyadic MID 4.03|disno 3405 ; Dyadic MID 4.03|disno 3154,,
122,B,1955-12-25,China / South Korea,hihost 4 (use of force),1,MID,0,1,0,MID hihost 4,0,Dyadic MID 4.03|disno 3213,,
123,B,1956-01-28,Norway / USSR/Russia,hihost 4 (use of force),1,MID,0,1,0,MID hihost 4,0,Dyadic MID 4.03|disno 3225,,
124,B,1956-03-01,China,Tibetan Khamba Rebellion,1,COW,0,1,0,"COW intra-state war, producer state party (Amendment 1)",1,COW War v4.1 intra-state|WarNum 741,,
125,B,1956-06-03,United Kingdom / Yemen Arab Republic,hihost 4 (use of force),1,MID,0,1,1,MID hihost 4,0,Dyadic MID 4.03|disno 259,,
126,B,1956-09-13,Israel / Jordan,QALQILYA,1,ICB,0,0,1,ICB viol 3,0,ICB v16|crisno 153,,
127,B,1956-10-28,Egypt / France / Israel / United Kingdom,Sinai War,1,COW,0,1,1,COW inter-state war,0,COW War v4.0 inter-state|WarNum 155,,
128,B,1956-12-15,Indonesia,Indonesian Leftists,1,COW,0,1,1,"COW intra-state war, producer state party (Amendment 1)",1,COW War v4.1 intra-state|WarNum 742,,
129,B,1957-01-01,Israel / Jordan / Saudi Arabia,hihost 4 (use of force),2,MID,0,1,1,MID hihost 4,0,Dyadic MID 4.03|disno 3230 ; Dyadic MID 4.03|disno 1013,,
130,B,1957-06-12,China / United States,hihost 4 (use of force),1,MID,0,1,0,MID hihost 4,0,Dyadic MID 4.03|disno 2049,,
131,B,1958-02-01,Egypt,hihost 4 (use of force),1,MID,0,1,1,MID hihost 4,0,Dyadic MID 4.03|disno 1091,,
132,B,1958-02-21,Indonesia,ABORT. COUP INDONESIA,1,ICB,0,1,1,ICB viol 3,0,ICB v16|crisno 164,,
133,B,1958-03-05,Jordan / Syria / Turkey,hihost 4 (use of force),2,MID,0,0,1,MID hihost 4,0,Dyadic MID 4.03|disno 3151 ; Dyadic MID 4.03|disno 3152,,
134,B,1958-04-01,Argentina,hihost 4 (use of force),1,MID,0,1,0,MID hihost 4,0,Dyadic MID 4.03|disno 1099,,
135,B,1958-08-23,China,Taiwan Straits,1,COW,0,1,0,COW inter-state war,0,COW War v4.0 inter-state|WarNum 159,,
136,B,1958-09-14,Egypt / Israel,hihost 4 (use of force),1,MID,0,1,1,MID hihost 4,0,Dyadic MID 4.03|disno 3420,,
137,B,1958-11-10,Egypt / Israel / Syria,hihost 4 (use of force),1,MID,0,1,1,MID hihost 4,0,Dyadic MID 4.03|disno 3419,,
138,B,1959-01-27,Japan / USSR/Russia,hihost 4 (use of force),1,MID,0,1,0,MID hihost 4,0,Dyadic MID 4.03|disno 2861,,
139,B,1959-02-28,USSR/Russia,hihost 4 (use of force),1,MID,0,1,0,MID hihost 4,0,Dyadic MID 4.03|disno 2863,,
140,B,1959-03-20,China,hihost 4 (use of force),1,MID,0,1,0,MID hihost 4,0,Dyadic MID 4.03|disno 2859,,
141,B,1959-04-23,Egypt / Israel / Jordan / Turkey,hihost 4 (use of force),3,MID,0,1,1,MID hihost 4,0,Dyadic MID 4.03|disno 3150 ; Dyadic MID 4.03|disno 3421 ; Dyadic MID 4.03|disno 2996,,
142,B,1959-05-21,China,hihost 4 (use of force),1,MID,0,1,0,MID hihost 4,0,Dyadic MID 4.03|disno 1708,,
143,B,1959-06-23,China / India,hihost 4 (use of force),1,MID,0,1,0,MID hihost 4,0,Dyadic MID 4.03|disno 203,,
144,B,1959-08-15,Israel / Jordan,hihost 4 (use of force),1,MID,0,0,1,MID hihost 4,0,Dyadic MID 4.03|disno 3231,,
145,B,1959-09-22,Iran / Iraq,hihost 4 (use of force),1,MID,0,1,1,MID hihost 4,0,Dyadic MID 4.03|disno 1138,,
146,B,1959-10-07,Egypt / Israel,hihost 4 (use of force),1,MID,0,1,1,MID hihost 4,0,Dyadic MID 4.03|disno 3430,,
147,B,1959-12-15,Egypt / Jordan,hihost 4 (use of force),1,MID,0,1,1,MID hihost 4,0,Dyadic MID 4.03|disno 2999,,
148,B,1959-12-28,China / South Korea / USSR/Russia,hihost 4 (use of force),2,MID,0,1,0,MID hihost 4,0,Dyadic MID 4.03|disno 1709 ; Dyadic MID 4.03|disno 1710,,
149,B,1960-01-01,United States,Vietnam Phase 1,1,COW,0,1,0,"COW intra-state war, producer state party (Amendment 1)",1,COW War v4.1 intra-state|WarNum 748,,
150,B,1960-05-01,Japan / Norway / Turkey / USSR/Russia / United States,hihost 4 (use of force),1,MID,0,1,1,MID hihost 4,0,Dyadic MID 4.03|disno 253,,
151,B,1960-07-06,Egypt / Israel,hihost 4 (use of force),1,MID,0,1,1,MID hihost 4,0,Dyadic MID 4.03|disno 3422,,
152,B,1960-07-16,Japan / USSR/Russia,hihost 4 (use of force),1,MID,0,1,0,MID hihost 4,0,Dyadic MID 4.03|disno 2873,,
153,B,1960-09-26,Egypt / Jordan,hihost 4 (use of force),1,MID,0,1,1,MID hihost 4,0,Dyadic MID 4.03|disno 3162,,
154,B,1960-12-26,Ethiopia,ETHIOPIA/SOMALIA,1,ICB,0,0,1,ICB viol 3,0,ICB v16|crisno 179,,
155,B,1961-01-01,China / Japan / USSR/Russia / United States,hihost 4 (use of force),2,MID,0,1,0,MID hihost 4,0,Dyadic MID 4.03|disno 1363 ; Dyadic MID 4.03|disno 1799,,
156,B,1961-02-12,Egypt / Israel,hihost 4 (use of force),1,MID,0,1,1,MID hihost 4,0,Dyadic MID 4.03|disno 3406,,
157,B,1961-06-11,Japan / USSR/Russia,hihost 4 (use of force),1,MID,0,1,0,MID hihost 4,0,Dyadic MID 4.03|disno 2882,,
158,B,1961-09-11,Iraq,First Iraqi Kurd,1,COW,0,1,0,"COW intra-state war, producer state party (Amendment 1)",1,COW War v4.1 intra-state|WarNum 752,,
159,B,1961-09-27,Israel / Syria,hihost 4 (use of force),1,MID,0,0,1,MID hihost 4,0,Dyadic MID 4.03|disno 3434,,
160,B,1961-11-02,China / India,hihost 5 (war),1,MID,0,1,0,MID hihost 5,0,Dyadic MID 4.03|disno 199,,
161,B,1962-01-07,China / USSR/Russia / United Kingdom / United States,hihost 4 (use of force),3,MID,0,1,0,MID hihost 4,0,Dyadic MID 4.03|disno 172 ; Dyadic MID 4.03|disno 61 ; Dyadic MID 4.03|disno 1353,,
162,B,1962-03-28,Syria / Turkey,hihost 4 (use of force),1,MID,0,0,1,MID hihost 4,0,Dyadic MID 4.03|disno 3165,,
163,B,1962-06-14,Israel / Jordan,hihost 4 (use of force),1,MID,0,0,1,MID hihost 4,0,Dyadic MID 4.03|disno 1018,,
164,B,1962-06-21,Japan / USSR/Russia,hihost 4 (use of force),1,MID,0,1,0,MID hihost 4,0,Dyadic MID 4.03|disno 2888,,
165,B,1962-07-09,Iraq / Turkey,hihost 4 (use of force),1,MID,0,1,1,MID hihost 4,0,Dyadic MID 4.03|disno 1123,,
166,B,1962-07-28,Algeria,Algerian Revolutionaries,1,COW,0,1,0,"COW intra-state war, producer state party (Amendment 1)",1,COW War v4.1 intra-state|WarNum 753,,
167,B,1962-08-17,Turkey / USSR/Russia,hihost 4 (use of force),1,MID,0,1,1,MID hihost 4,0,Dyadic MID 4.03|disno 3163,,
168,B,1962-10-20,China / India,Assam,1,COW,0,1,0,COW inter-state war,0,COW War v4.0 inter-state|WarNum 160,,
169,B,1963-02-06,China,hihost 4 (use of force),1,MID,0,1,0,MID hihost 4,0,Dyadic MID 4.03|disno 2892,,
170,B,1963-05-28,Ecuador / United States,hihost 4 (use of force),1,MID,0,1,0,MID hihost 4,0,Dyadic MID 4.03|disno 1803,,
171,B,1963-07-23,Egypt / Israel,hihost 4 (use of force),1,MID,0,1,1,MID hihost 4,0,Dyadic MID 4.03|disno 3377,,
172,B,1963-08-19,Lebanon / Syria,hihost 4 (use of force),1,MID,0,0,1,MID hihost 4,0,Dyadic MID 4.03|disno 3166,,
173,B,1963-08-25,Israel / Jordan,hihost 4 (use of force),1,MID,0,0,1,MID hihost 4,0,Dyadic MID 4.03|disno 1019,,
174,B,1963-10-01,Algeria,ALGERIA/MOROCCO BDR.,1,ICB,0,1,0,ICB viol 3,0,ICB v16|crisno 199,,
175,B,1963-11-17,Indonesia / Japan,hihost 4 (use of force),1,MID,0,1,1,MID hihost 4,0,Dyadic MID 4.03|disno 2894,,
176,B,1963-11-21,Iran / USSR/Russia,hihost 4 (use of force),1,MID,0,1,1,MID hihost 4,0,Dyadic MID 4.03|disno 2897,,
177,B,1963-11-28,Turkey,CYPRUS I,1,ICB,0,0,1,ICB viol 3,0,ICB v16|crisno 202,,
178,B,1964-02-07,Ethiopia / Somalia,OGADEN I,1,ICB,0,0,1,ICB viol 3,0,ICB v16|crisno 208,,
179,B,1964-02-18,France / Gabon,hihost 4 (use of force),1,MID,0,1,0,MID hihost 4,0,Dyadic MID 4.03|disno 92,,
180,B,1964-04-07,China / India,hihost 4 (use of force),1,MID,0,1,0,MID hihost 4,0,Dyadic MID 4.03|disno 623,,
181,B,1964-04-22,Egypt / Israel,hihost 4 (use of force),1,MID,0,1,1,MID hihost 4,0,Dyadic MID 4.03|disno 3378,,
182,B,1964-05-28,Egypt / Saudi Arabia / Yemen Arab Republic,YEMEN WAR II,1,ICB,0,1,1,ICB viol 4,0,ICB v16|crisno 209,,
183,B,1964-07-25,Argentina,hihost 4 (use of force),1,MID,0,1,0,MID hihost 4,0,Dyadic MID 4.03|disno 2080,,
184,B,1965-01-11,Indonesia / Japan,hihost 4 (use of force),1,MID,0,1,1,MID hihost 4,0,Dyadic MID 4.03|disno 2914,,
185,B,1965-04-03,Iraq,Second Iraqi Kurds,1,COW,0,1,0,"COW intra-state war, producer state party (Amendment 1)",1,COW War v4.1 intra-state|WarNum 765,,
186,B,1965-04-06,Egypt / Saudi Arabia / Yemen Arab Republic,hihost 4 (use of force),1,MID,0,1,1,MID hihost 4,0,Dyadic MID 4.03|disno 2360,,
187,B,1965-05-27,Syria / Turkey,hihost 4 (use of force),1,MID,0,0,1,MID hihost 4,0,Dyadic MID 4.03|disno 3168,,
188,B,1965-07-26,Indonesia,First West Papua,1,COW,0,1,1,"COW intra-state war, producer state party (Amendment 1)",1,COW War v4.1 intra-state|WarNum 767,,
189,B,1965-07-28,Iraq / Turkey,hihost 4 (use of force),1,MID,0,1,1,MID hihost 4,0,Dyadic MID 4.03|disno 3169,,
190,B,1965-10-28,Israel / Lebanon,hihost 4 (use of force),1,MID,0,0,1,MID hihost 4,0,Dyadic MID 4.03|disno 1017,,
191,B,1965-11-06,Argentina,hihost 4 (use of force),1,MID,0,1,0,MID hihost 4,0,Dyadic MID 4.03|disno 1608,,
192,B,1965-12-18,Iran / Iraq,hihost 4 (use of force),1,MID,0,1,1,MID hihost 4,0,Dyadic MID 4.03|disno 2106,,
193,B,1965-12-28,China / South Korea / United States,hihost 4 (use of force),2,MID,0,1,0,MID hihost 4,0,Dyadic MID 4.03|disno 1216 ; Dyadic MID 4.03|disno 2920,,
194,B,1966-02-18,Egypt / Israel,hihost 4 (use of force),1,MID,0,1,1,MID hihost 4,0,Dyadic MID 4.03|disno 3379,,
195,B,1966-02-24,Jordan / Syria,hihost 4 (use of force),1,MID,0,0,1,MID hihost 4,0,Dyadic MID 4.03|disno 3171,,
196,B,1966-04-25,Indonesia / United Kingdom,hihost 4 (use of force),1,MID,0,1,1,MID hihost 4,0,Dyadic MID 4.03|disno 2918,,
197,B,1966-05-01,Egypt / Saudi Arabia / Yemen Arab Republic,hihost 4 (use of force),1,MID,0,1,1,MID hihost 4,0,Dyadic MID 4.03|disno 1109,,
198,B,1966-05-23,Iran / Iraq,hihost 4 (use of force),1,MID,0,1,1,MID hihost 4,0,Dyadic MID 4.03|disno 2107,,
199,B,1966-07-15,USSR/Russia / United States,hihost 4 (use of force),1,MID,0,1,0,MID hihost 4,0,Dyadic MID 4.03|disno 2921,,
200,B,1966-10-01,United States,First Guatemala,1,COW,0,1,0,"COW intra-state war, producer state party (Amendment 1)",1,COW War v4.1 intra-state|WarNum 770,,
201,B,1966-10-02,China / USSR/Russia,hihost 4 (use of force),2,MID,0,1,0,MID hihost 4,0,Dyadic MID 4.03|disno 343 ; Dyadic MID 4.03|disno 2891,,
202,B,1966-11-12,Israel / Jordan,EL SAMU,1,ICB,0,0,1,ICB viol 3,0,ICB v16|crisno 220,,
203,B,1966-12-16,Egypt / Iraq / Israel / Jordan / Kuwait / Saudi Arabia,hihost 5 (war),1,MID,0,1,1,MID hihost 5,0,Dyadic MID 4.03|disno 1035,,
204,B,1966-12-28,United Kingdom / Yemen Arab Republic,hihost 4 (use of force),1,MID,0,1,1,MID hihost 4,0,Dyadic MID 4.03|disno 2155,,
205,B,1967-01-09,Ecuador / United States,hihost 4 (use of force),1,MID,0,1,0,MID hihost 4,0,Dyadic MID 4.03|disno 1805,,
206,B,1967-03-02,USSR/Russia / United States,hihost 4 (use of force),1,MID,0,1,0,MID hihost 4,0,Dyadic MID 4.03|disno 2934,,
207,B,1967-05-18,China / India,hihost 4 (use of force),1,MID,0,1,0,MID hihost 4,0,Dyadic MID 4.03|disno 1715,,
208,B,1967-07-06,Nigeria,Biafra,1,COW,0,1,0,"COW intra-state war, producer state party (Amendment 1)",1,COW War v4.1 intra-state|WarNum 775,,
209,B,1967-08-18,Argentina,hihost 4 (use of force),1,MID,0,1,0,MID hihost 4,0,Dyadic MID 4.03|disno 1609,,
210,B,1968-03-18,Israel / Jordan,KARAMEH,1,ICB,0,0,1,ICB viol 3,0,ICB v16|crisno 226,,
211,B,1968-05-12,Israel / Lebanon,hihost 4 (use of force),1,MID,0,0,1,MID hihost 4,0,Dyadic MID 4.03|disno 1051,,
212,B,1968-06-17,Argentina / USSR/Russia / Venezuela,hihost 4 (use of force),2,MID,0,1,0,MID hihost 4,0,Dyadic MID 4.03|disno 2922 ; Dyadic MID 4.03|disno 2927,,
213,B,1968-06-28,China / United Kingdom,hihost 4 (use of force),1,MID,0,1,0,MID hihost 4,0,Dyadic MID 4.03|disno 2926,,
214,B,1968-07-23,Algeria / Israel,hihost 4 (use of force),1,MID,0,1,1,MID hihost 4,0,Dyadic MID 4.03|disno 1069,,
215,B,1968-09-03,Israel / Syria,hihost 4 (use of force),1,MID,0,0,1,MID hihost 4,0,Dyadic MID 4.03|disno 3447,,
216,B,1968-09-28,Japan / USSR/Russia,hihost 4 (use of force),1,MID,0,1,0,MID hihost 4,0,Dyadic MID 4.03|disno 2925,,
217,B,1969-01-01,China,hihost 4 (use of force),1,MID,0,1,0,MID hihost 4,0,Dyadic MID 4.03|disno 352,,
218,B,1969-01-03,Iraq,Third Iraqi Kurds,1,COW,0,1,0,"COW intra-state war, producer state party (Amendment 1)",1,COW War v4.1 intra-state|WarNum 777,,
219,B,1969-05-01,Lebanon / Syria,hihost 4 (use of force),1,MID,0,0,1,MID hihost 4,0,Dyadic MID 4.03|disno 3173,,
220,B,1969-08-09,Japan / USSR/Russia,hihost 4 (use of force),1,MID,0,1,0,MID hihost 4,0,Dyadic MID 4.03|disno 2937,,
221,B,1969-09-14,Iran / Iraq,hihost 4 (use of force),1,MID,0,1,1,MID hihost 4,0,Dyadic MID 4.03|disno 2108,,
222,B,1969-09-19,China / United States,hihost 4 (use of force),1,MID,0,1,0,MID hihost 4,0,Dyadic MID 4.03|disno 2936,,
223,B,1969-10-22,Lebanon,CAIRO AGREEMENT-PLO,1,ICB,0,0,1,ICB viol 3,0,ICB v16|crisno 236,,
224,B,1969-11-05,Saudi Arabia / Yemen Arab Republic,hihost 4 (use of force),1,MID,0,1,1,MID hihost 4,0,Dyadic MID 4.03|disno 2373,,
225,B,1970-01-20,Iran / Iraq,hihost 4 (use of force),1,MID,0,1,1,MID hihost 4,0,Dyadic MID 4.03|disno 2109,,
226,B,1970-06-11,Iraq / Israel / Jordan / Syria / USSR/Russia / United Kingdom,hihost 4 (use of force),1,MID,0,1,1,MID hihost 4,0,Dyadic MID 4.03|disno 1039,,
227,B,1970-10-21,USSR/Russia / United States,hihost 4 (use of force),1,MID,0,1,0,MID hihost 4,0,Dyadic MID 4.03|disno 2221,,
228,B,1971-01-11,Ecuador / United States,hihost 4 (use of force),1,MID,0,1,0,MID hihost 4,0,Dyadic MID 4.03|disno 1158,,
229,B,1971-04-14,Iran / Iraq,hihost 4 (use of force),1,MID,0,1,1,MID hihost 4,0,Dyadic MID 4.03|disno 2110,,
230,B,1971-07-03,United States,Khmer Rouge,1,COW,0,1,0,"COW intra-state war, producer state party (Amendment 1)",1,COW War v4.1 intra-state|WarNum 785,,
231,B,1971-07-20,Jordan / Syria,hihost 4 (use of force),1,MID,0,0,1,MID hihost 4,0,Dyadic MID 4.03|disno 1081,,
232,B,1971-10-18,Egypt / Iraq / Israel / Jordan / Saudi Arabia / Syria,hihost 5 (war),1,MID,0,1,1,MID hihost 5,0,Dyadic MID 4.03|disno 1046,,
233,B,1971-11-28,Iran / Iraq,hihost 4 (use of force),1,MID,0,1,1,MID hihost 4,0,Dyadic MID 4.03|disno 1135,,
234,B,1972-01-17,USSR/Russia / United States,hihost 4 (use of force),1,MID,0,1,0,MID hihost 4,0,Dyadic MID 4.03|disno 2949,,
235,B,1972-03-28,United States,VIETNAM PORTS MINING,1,ICB,0,1,0,ICB viol 4,0,ICB v16|crisno 246,,
236,B,1972-08-22,China / United States,hihost 4 (use of force),1,MID,0,1,0,MID hihost 4,0,Dyadic MID 4.03|disno 2948,,
237,B,1972-09-20,Libya,hihost 4 (use of force),1,MID,0,1,0,MID hihost 4,0,Dyadic MID 4.03|disno 2138,,
238,B,1972-09-26,Yemen Arab Republic / Yemen People's Republic,NORTH/SOUTH YEMEN I,1,ICB,0,0,1,ICB viol 4,0,ICB v16|crisno 248,,
239,B,1972-12-21,Iran / Iraq / Kuwait / Saudi Arabia,hihost 4 (use of force),2,MID,0,1,1,MID hihost 4,0,Dyadic MID 4.03|disno 1612 ; Dyadic MID 4.03|disno 2112,,
240,B,1973-02-10,Iraq,hihost 4 (use of force),1,MID,0,1,0,MID hihost 4,0,Dyadic MID 4.03|disno 1200,,
241,B,1973-10-01,Iran / Oman / United Kingdom,Dhofar Rebellion Phase 2,1,COW,0,1,1,"COW intra-state war, producer state party (Amendment 1)",1,COW War v4.1 intra-state|WarNum 795,,
242,B,1973-11-18,Oman,OMAN/SOUTH YEMEN,1,ICB,0,1,1,ICB viol 3,0,ICB v16|crisno 256,,
243,B,1974-03-14,China / USSR/Russia,hihost 4 (use of force),1,MID,0,1,0,MID hihost 4,0,Dyadic MID 4.03|disno 364,,
244,B,1974-03-18,Iran / Iraq,Fourth Iraqi Kurds,1,COW,0,1,1,"COW intra-state war, producer state party (Amendment 1)",1,COW War v4.1 intra-state|WarNum 797,,
245,B,1974-04-12,Egypt / Israel / Lebanon,hihost 4 (use of force),1,MID,0,1,1,MID hihost 4,0,Dyadic MID 4.03|disno 1061,,
246,B,1974-06-08,Israel / Syria,hihost 4 (use of force),1,MID,0,0,1,MID hihost 4,0,Dyadic MID 4.03|disno 3438,,
247,B,1974-07-15,Turkey,CYPRUS III / Turco-Cypriot,2,COW+ICB,1,0,1,COW inter-state war; ICB viol 4,0,ICB v16|crisno 257 ; COW War v4.0 inter-state|WarNum 184,,
248,B,1974-12-01,China / USSR/Russia,hihost 4 (use of force),1,MID,0,1,0,MID hihost 4,0,Dyadic MID 4.03|disno 2713,,
249,B,1975-02-01,Argentina,Argentine Leftists,1,COW,0,1,0,"COW intra-state war, producer state party (Amendment 1)",1,COW War v4.1 intra-state|WarNum 800,,
250,B,1975-03-07,Iraq / Kuwait,hihost 4 (use of force),1,MID,0,1,0,MID hihost 4,0,Dyadic MID 4.03|disno 1613,,
251,B,1975-05-12,United States,MAYAGUEZ,1,ICB,0,1,0,ICB viol 3,0,ICB v16|crisno 259,,
252,B,1975-07-12,Angola / USSR/Russia / United States,WAR IN ANGOLA,1,ICB,0,1,0,ICB viol 4,0,ICB v16|crisno 260,,
253,B,1975-08-04,Egypt / Libya,hihost 4 (use of force),1,MID,0,1,1,MID hihost 4,0,Dyadic MID 4.03|disno 3175,,
254,B,1975-10-16,Algeria,MOROCCAN MARCH,1,ICB,0,1,0,ICB viol 3,0,ICB v16|crisno 261,,
255,B,1975-10-20,China / India,hihost 4 (use of force),1,MID,0,1,0,MID hihost 4,0,Dyadic MID 4.03|disno 358,,
256,B,1975-11-26,Israel / Syria,hihost 4 (use of force),1,MID,0,0,1,MID hihost 4,0,Dyadic MID 4.03|disno 3439,,
257,B,1975-11-28,Indonesia,EAST TIMOR I,1,ICB,0,1,1,ICB viol 3,0,ICB v16|crisno 264,,
258,B,1976-01-01,Indonesia,Second West Papua,1,COW,0,1,1,"COW intra-state war, producer state party (Amendment 1)",1,COW War v4.1 intra-state|WarNum 802,,
259,B,1976-01-18,Syria,LEB. CIVIL WAR,1,ICB,0,0,1,ICB viol 3,0,ICB v16|crisno 265,,
260,B,1976-02-04,Argentina / United Kingdom,hihost 4 (use of force),1,MID,0,1,0,MID hihost 4,0,Dyadic MID 4.03|disno 363,,
261,B,1976-02-13,Angola,Angolan Control,1,COW,0,1,0,"COW intra-state war, producer state party (Amendment 1)",1,COW War v4.1 intra-state|WarNum 804,,
262,B,1976-04-05,Syria / United Kingdom,hihost 4 (use of force),1,MID,0,1,1,MID hihost 4,0,Dyadic MID 4.03|disno 3179,,
263,B,1976-04-12,Israel / Saudi Arabia,hihost 4 (use of force),1,MID,0,1,1,MID hihost 4,0,Dyadic MID 4.03|disno 2961,,
264,B,1976-07-18,Indonesia,East Timorese War Phase 3,1,COW,0,1,1,"COW intra-state war, producer state party (Amendment 1)",1,COW War v4.1 intra-state|WarNum 806,,
265,B,1976-08-01,China / South Korea,hihost 4 (use of force),1,MID,0,1,0,MID hihost 4,0,Dyadic MID 4.03|disno 2956,,
266,B,1976-09-06,Japan / USSR/Russia,hihost 4 (use of force),1,MID,0,1,0,MID hihost 4,0,Dyadic MID 4.03|disno 365,,
267,B,1977-04-09,USSR/Russia / United States,hihost 4 (use of force),1,MID,0,1,0,MID hihost 4,0,Dyadic MID 4.03|disno 2222,,
268,B,1977-06-21,Ecuador,hihost 4 (use of force),1,MID,0,1,0,MID hihost 4,0,Dyadic MID 4.03|disno 2120,,
269,B,1977-07-04,China / USSR/Russia,hihost 4 (use of force),1,MID,0,1,0,MID hihost 4,0,Dyadic MID 4.03|disno 2714,,
270,B,1977-07-22,Ethiopia / Somalia,"OGADEN II / Second Ogaden War, Phase 2",2,COW+ICB,1,0,1,COW inter-state war; ICB viol 4,0,ICB v16|crisno 282 ; COW War v4.0 inter-state|WarNum 187,,
271,B,1977-09-20,Israel / Lebanon,hihost 4 (use of force),1,MID,0,0,1,MID hihost 4,0,Dyadic MID 4.03|disno 3994,,
272,B,1977-09-21,Argentina / USSR/Russia,hihost 4 (use of force),1,MID,0,1,0,MID hihost 4,0,Dyadic MID 4.03|disno 3122,,
273,B,1978-01-22,Libya,CHAD/LIBYA II,1,ICB,0,1,0,ICB viol 4,0,ICB v16|crisno 288,,
274,B,1978-03-11,China / USSR/Russia,hihost 4 (use of force),1,MID,0,1,0,MID hihost 4,0,Dyadic MID 4.03|disno 2715,,
275,B,1978-03-14,Lebanon,LITANI OPERATION,1,ICB,0,0,1,ICB viol 3,0,ICB v16|crisno 289,,
276,B,1978-04-18,China / USSR/Russia,hihost 5 (war),1,MID,0,1,0,MID hihost 5,0,Dyadic MID 4.03|disno 3007,,
277,B,1978-06-21,Iran / USSR/Russia,hihost 4 (use of force),1,MID,0,1,1,MID hihost 4,0,Dyadic MID 4.03|disno 2602,,
278,B,1978-07-01,Israel / Syria,hihost 4 (use of force),1,MID,0,0,1,MID hihost 4,0,Dyadic MID 4.03|disno 3440,,
279,B,1978-09-01,USSR/Russia,First Afghan Mujahideen Uprising,1,COW,0,1,0,"COW intra-state war, producer state party (Amendment 1)",1,COW War v4.1 intra-state|WarNum 812,,
280,B,1978-09-03,Iran,Overthrow of the Shah,1,COW,0,1,1,"COW intra-state war, producer state party (Amendment 1)",1,COW War v4.1 intra-state|WarNum 813,,
281,B,1978-12-25,China,SINO/VIETNAM WAR,1,ICB,0,1,0,ICB viol 4,0,ICB v16|crisno 298,,
282,B,1979-02-12,Angola,RAIDS ON SWAPO / RAIDS ON ZIPRA,2,ICB,0,1,0,ICB viol 3,0,ICB v16|crisno 300 ; ICB v16|crisno 302,,
283,B,1979-02-24,Yemen Arab Republic / Yemen People's Republic,NORTH/SOUTH YEMEN II,1,ICB,0,0,1,ICB viol 4,0,ICB v16|crisno 301,,
284,B,1979-04-12,France / Libya,CHAD/LIBYA IV,1,ICB,0,1,0,ICB viol 4,0,ICB v16|crisno 304,,
285,B,1979-06-27,Israel / Syria,hihost 4 (use of force),1,MID,0,0,1,MID hihost 4,0,Dyadic MID 4.03|disno 3441,,
286,B,1979-08-09,Canada / USSR/Russia / United States,hihost 4 (use of force),2,MID,0,1,0,MID hihost 4,0,Dyadic MID 4.03|disno 2224 ; Dyadic MID 4.03|disno 2968,,
287,B,1980-01-27,Libya,RAID ON GAFSA,1,ICB,0,1,0,ICB viol 3,0,ICB v16|crisno 311,,
288,B,1980-02-03,Saudi Arabia / Yemen Arab Republic,hihost 4 (use of force),1,MID,0,1,1,MID hihost 4,0,Dyadic MID 4.03|disno 2152,,
289,B,1980-03-22,France / Libya,Second Chad (Habre Revolt),1,COW,0,1,0,"COW intra-state war, producer state party (Amendment 1)",1,COW War v4.1 intra-state|WarNum 820,,
290,B,1980-06-07,Angola,OPERATION SMOKESHELL,1,ICB,0,1,0,ICB viol 3,0,ICB v16|crisno 313,,
291,B,1980-08-24,Israel / Lebanon / Syria,hihost 4 (use of force),1,MID,0,0,1,MID hihost 4,0,Dyadic MID 4.03|disno 3448,,
292,B,1980-09-07,Argentina,hihost 4 (use of force),1,MID,0,1,0,MID hihost 4,0,Dyadic MID 4.03|disno 2083,,
293,B,1980-10-05,China / USSR/Russia,hihost 4 (use of force),1,MID,0,1,0,MID hihost 4,0,Dyadic MID 4.03|disno 2717,,
294,B,1980-10-25,Ecuador / United States,hihost 4 (use of force),1,MID,0,1,0,MID hihost 4,0,Dyadic MID 4.03|disno 3105,,
295,B,1980-11-13,Iran / Kuwait,hihost 4 (use of force),1,MID,0,1,1,MID hihost 4,0,Dyadic MID 4.03|disno 3108,,
296,B,1980-12-18,Nigeria,Nigeria-Muslim,1,COW,0,1,0,"COW intra-state war, producer state party (Amendment 1)",1,COW War v4.1 intra-state|WarNum 823,,
297,B,1981-04-25,Argentina,hihost 4 (use of force),1,MID,0,1,0,MID hihost 4,0,Dyadic MID 4.03|disno 2084,,
298,B,1981-05-05,China,hihost 4 (use of force),1,MID,0,1,0,MID hihost 4,0,Dyadic MID 4.03|disno 3102,,
299,B,1981-05-12,USSR/Russia / United States,hihost 4 (use of force),1,MID,0,1,0,MID hihost 4,0,Dyadic MID 4.03|disno 2228,,
300,B,1981-08-23,Angola,OPERATION PROTEA,1,ICB,0,1,0,ICB viol 3,0,ICB v16|crisno 331,,
301,B,1981-09-21,Iran / Kuwait / Turkey,hihost 4 (use of force),2,MID,0,1,1,MID hihost 4,0,Dyadic MID 4.03|disno 3097 ; Dyadic MID 4.03|disno 3095,,
302,B,1982-02-22,Jordan / Syria,hihost 4 (use of force),1,MID,0,0,1,MID hihost 4,0,Dyadic MID 4.03|disno 3106,,
303,B,1982-03-08,China,hihost 4 (use of force),1,MID,0,1,0,MID hihost 4,0,Dyadic MID 4.03|disno 2975,,
304,B,1982-03-22,Iraq,KHORRAMSHAHR,1,ICB,0,1,0,ICB viol 4,0,ICB v16|crisno 335,,
305,B,1982-04-11,Israel / Lebanon / Syria,War over Lebanon / hihost 5 (war),2,COW+MID,1,0,1,COW inter-state war; MID hihost 5,0,Dyadic MID 4.03|disno 3995 ; COW War v4.0 inter-state|WarNum 205,,
306,B,1982-06-05,Israel / Lebanon / Syria,WAR IN LEBANON,1,ICB,0,0,1,ICB viol 4,0,ICB v16|crisno 337,,
307,B,1982-06-23,Japan / USSR/Russia / United States,hihost 4 (use of force),1,MID,0,1,0,MID hihost 4,0,Dyadic MID 4.03|disno 2229,,
308,B,1982-06-28,Ethiopia / Somalia,OGADEN III,1,ICB,0,0,1,ICB viol 3,0,ICB v16|crisno 338,,
309,B,1982-07-13,Colombia / Venezuela,hihost 4 (use of force),1,MID,0,1,0,MID hihost 4,0,Dyadic MID 4.03|disno 2323,,
310,B,1982-10-04,Israel / Syria,hihost 4 (use of force),1,MID,0,0,1,MID hihost 4,0,Dyadic MID 4.03|disno 3442,,
311,B,1983-02-26,Iran / United States,hihost 4 (use of force),1,MID,0,1,1,MID hihost 4,0,Dyadic MID 4.03|disno 3071,,
312,B,1983-04-10,China,hihost 4 (use of force),1,MID,0,1,0,MID hihost 4,0,Dyadic MID 4.03|disno 3614,,
313,B,1983-04-16,Brazil / Libya,hihost 4 (use of force),1,MID,0,1,0,MID hihost 4,0,Dyadic MID 4.03|disno 3068,,
314,B,1983-04-18,France / Lebanon / United States,Fourth Lebanese Civil,1,COW,0,1,1,"COW intra-state war, producer state party (Amendment 1)",1,COW War v4.1 intra-state|WarNum 833,,
315,B,1983-04-18,Nigeria,CHAD/NIGERIA CLASHES,1,ICB,0,1,0,ICB viol 3,0,ICB v16|crisno 341,,
316,B,1983-04-27,Iran / Norway / USSR/Russia,hihost 4 (use of force),2,MID,0,1,1,MID hihost 4,0,Dyadic MID 4.03|disno 3067 ; Dyadic MID 4.03|disno 2590,,
317,B,1983-08-16,Egypt / Israel,hihost 4 (use of force),1,MID,0,1,1,MID hihost 4,0,Dyadic MID 4.03|disno 3385,,
318,B,1983-09-01,South Korea / USSR/Russia,hihost 4 (use of force),2,MID,0,1,0,MID hihost 4,0,Dyadic MID 4.03|disno 3063 ; Dyadic MID 4.03|disno 2054,,
319,B,1983-09-03,Syria / United States,hihost 4 (use of force),1,MID,0,1,1,MID hihost 4,0,Dyadic MID 4.03|disno 3062,,
320,B,1983-10-19,United States,INVASION OF GRENADA,1,ICB,0,1,0,ICB viol 3,0,ICB v16|crisno 343,,
321,B,1983-12-06,Angola,OPERATION ASKARI,1,ICB,0,1,0,ICB viol 3,0,ICB v16|crisno 347,,
322,B,1983-12-28,Saudi Arabia / Yemen Arab Republic,hihost 4 (use of force),1,MID,0,1,1,MID hihost 4,0,Dyadic MID 4.03|disno 3054,,
323,B,1984-01-14,China,hihost 4 (use of force),1,MID,0,1,0,MID hihost 4,0,Dyadic MID 4.03|disno 3639,,
324,B,1984-01-15,Ecuador,hihost 4 (use of force),1,MID,0,1,0,MID hihost 4,0,Dyadic MID 4.03|disno 2118,,
325,B,1984-04-02,China,SINO/VIETNAM CLASHES,1,ICB,0,1,0,ICB viol 3,0,ICB v16|crisno 352,,
326,B,1984-04-26,Bahrain / Iran / Kuwait / Oman / Qatar / Saudi Arabia,hihost 4 (use of force),2,MID,0,1,1,MID hihost 4,0,Dyadic MID 4.03|disno 3048 ; Dyadic MID 4.03|disno 3617,,
327,B,1984-06-03,Iraq / Turkey,hihost 4 (use of force),1,MID,0,1,1,MID hihost 4,0,Dyadic MID 4.03|disno 3045,,
328,B,1984-07-10,Iran / United Kingdom,hihost 4 (use of force),1,MID,0,1,1,MID hihost 4,0,Dyadic MID 4.03|disno 3042,,
329,B,1984-08-22,France / Libya,hihost 4 (use of force),1,MID,0,1,0,MID hihost 4,0,Dyadic MID 4.03|disno 3041,,
330,B,1984-09-12,USSR/Russia / United States,hihost 4 (use of force),1,MID,0,1,0,MID hihost 4,0,Dyadic MID 4.03|disno 2230,,
331,B,1984-10-19,Argentina,hihost 4 (use of force),1,MID,0,1,0,MID hihost 4,0,Dyadic MID 4.03|disno 2087,,
332,B,1985-01-01,Iran / Iraq,Fifth Iraqi  Kurds,1,COW,0,1,1,"COW intra-state war, producer state party (Amendment 1)",1,COW War v4.1 intra-state|WarNum 840,,
333,B,1985-01-09,China,hihost 4 (use of force),1,MID,0,1,0,MID hihost 4,0,Dyadic MID 4.03|disno 3622,,
334,B,1985-02-19,Iran / Iraq / Kuwait / Saudi Arabia / United Kingdom,hihost 4 (use of force),4,MID,0,1,1,MID hihost 4,0,Dyadic MID 4.03|disno 3029 ; Dyadic MID 4.03|disno 2554 ; Dyadic MID 4.03|disno 2553 ; Dyadic MID 4.03|disno 2551,,
335,B,1985-03-22,China / South Korea,hihost 4 (use of force),1,MID,0,1,0,MID hihost 4,0,Dyadic MID 4.03|disno 2550,,
336,B,1985-03-24,USSR/Russia / United States,hihost 4 (use of force),1,MID,0,1,0,MID hihost 4,0,Dyadic MID 4.03|disno 2232,,
337,B,1985-06-13,Israel / Syria,hihost 4 (use of force),1,MID,0,0,1,MID hihost 4,0,Dyadic MID 4.03|disno 3443,,
338,B,1985-07-10,Iraq / Turkey,hihost 4 (use of force),1,MID,0,1,1,MID hihost 4,0,Dyadic MID 4.03|disno 2545,,
339,B,1985-12-01,China / India,hihost 4 (use of force),1,MID,0,1,0,MID hihost 4,0,Dyadic MID 4.03|disno 2102,,
340,B,1986-04-06,Iran / Saudi Arabia,hihost 4 (use of force),1,MID,0,1,1,MID hihost 4,0,Dyadic MID 4.03|disno 2574,,
341,B,1986-05-28,Argentina,hihost 4 (use of force),1,MID,0,1,0,MID hihost 4,0,Dyadic MID 4.03|disno 2579,,
342,B,1986-07-12,China / USSR/Russia,hihost 4 (use of force),1,MID,0,1,0,MID hihost 4,0,Dyadic MID 4.03|disno 2718,,
343,B,1986-08-26,Bahrain / Iraq,hihost 4 (use of force),1,MID,0,1,1,MID hihost 4,0,Dyadic MID 4.03|disno 2565,,
344,B,1986-09-03,Iran / Kuwait / USSR/Russia / United Kingdom,hihost 4 (use of force),3,MID,0,1,1,MID hihost 4,0,Dyadic MID 4.03|disno 2588 ; Dyadic MID 4.03|disno 2596 ; Dyadic MID 4.03|disno 2594,,
345,B,1986-10-01,China / South Korea,hihost 4 (use of force) / hihost 5 (war),2,MID,0,1,0,MID hihost 4; MID hihost 5,0,Dyadic MID 4.03|disno 3628 ; Dyadic MID 4.03|disno 2315,,
346,C,1946-04-01,France,hihost 4 (use of force),1,MID,0,0,0,MID hihost 4,0,Dyadic MID 4.03|disno 1792,,
347,C,1946-06-28,USSR/Russia,COMMUNISM IN POLAND,1,ICB,0,1,0,,0,ICB v16|crisno 110,,
348,C,1947-02-10,USSR/Russia,COMMUNISM IN HUNGARY,1,ICB,0,1,0,,0,ICB v16|crisno 113,,
349,C,1947-02-21,Turkey / United States,TRUMAN DOCTRINE,1,ICB,0,1,1,,0,ICB v16|crisno 114,,
350,C,1947-07-03,USSR/Russia,MARSHALL PLAN,1,ICB,0,1,0,,0,ICB v16|crisno 115,,
351,C,1947-08-17,India,JUNAGADH,1,ICB,0,0,0,,0,ICB v16|crisno 118,,
352,C,1947-09-26,India,First Kashmir / KASHMIR I / hihost 5 (war),3,COW+ICB+MID,1,0,0,COW inter-state war; ICB viol 4; MID hihost 5,0,Dyadic MID 4.03|disno 1238 ; ICB v16|crisno 119 ; COW War v4.0 inter-state|WarNum 147,,
353,C,1948-02-13,USSR/Russia,COMMUNISM IN CZECH.,1,ICB,0,1,0,,0,ICB v16|crisno 121,,
354,C,1948-02-17,Yemen Arab Republic,Yemeni Imamate,1,COW,0,0,1,,0,COW War v4.1 intra-state|WarNum 728,,
355,C,1948-06-07,France / USSR/Russia / United Kingdom / United States,BERLIN BLOCKADE,1,ICB,0,1,0,,0,ICB v16|crisno 123,,
356,C,1948-07-21,France,hihost 4 (use of force),1,MID,0,0,0,MID hihost 4,0,Dyadic MID 4.03|disno 2020,,
357,C,1948-08-21,India,HYDERABAD,1,ICB,0,0,0,,0,ICB v16|crisno 124,,
358,C,1949-04-14,India,hihost 4 (use of force),1,MID,0,0,0,MID hihost 4,0,Dyadic MID 4.03|disno 2625,,
359,C,1950-02-23,India,hihost 4 (use of force),1,MID,0,0,0,MID hihost 4,0,Dyadic MID 4.03|disno 1308,,
360,C,1951-03-13,India,hihost 4 (use of force),1,MID,0,0,0,MID hihost 4,0,Dyadic MID 4.03|disno 1079,,
361,C,1951-07-07,India,PUNJAB WAR SCARE I,1,ICB,0,0,0,,0,ICB v16|crisno 135,,
362,C,1952-10-04,India,hihost 4 (use of force),1,MID,0,0,0,MID hihost 4,0,Dyadic MID 4.03|disno 2626,,
363,C,1953-03-24,France,INVASION OF LAOS I,1,ICB,0,0,0,ICB viol 3,0,ICB v16|crisno 139,,
364,C,1953-10-08,Italy,TRIESTE II,1,ICB,0,0,0,,0,ICB v16|crisno 142,,
365,C,1953-12-12,United States,GUATEMALA,1,ICB,0,1,0,,0,ICB v16|crisno 144,,
366,C,1954-07-28,Japan / South Korea,hihost 4 (use of force),1,MID,0,0,0,MID hihost 4,0,Dyadic MID 4.03|disno 1345,,
367,C,1955-05-07,India,hihost 4 (use of force),1,MID,0,0,0,MID hihost 4,0,Dyadic MID 4.03|disno 1300,,
368,C,1955-08-03,Japan / South Korea,hihost 4 (use of force),1,MID,0,0,0,MID hihost 4,0,Dyadic MID 4.03|disno 1346,,
369,C,1956-02-17,India,hihost 4 (use of force),2,MID,0,0,0,MID hihost 4,0,Dyadic MID 4.03|disno 1301 ; Dyadic MID 4.03|disno 2627,,
370,C,1957-08-18,Syria / Turkey / United States,SYRIA/TURKEY CONFRNT.,1,ICB,0,1,1,,0,ICB v16|crisno 159,,
371,C,1957-11-21,France,IfniWar,1,COW,0,0,0,COW inter-state war,0,COW War v4.0 inter-state|WarNum 158,,
372,C,1958-01-01,Japan / South Korea,hihost 4 (use of force),1,MID,0,0,0,MID hihost 4,0,Dyadic MID 4.03|disno 1347,,
373,C,1958-02-01,Iraq / Jordan,FORMATION OF UAR,1,ICB,0,1,1,,0,ICB v16|crisno 162,,
374,C,1958-03-11,India,hihost 4 (use of force),1,MID,0,0,0,MID hihost 4,0,Dyadic MID 4.03|disno 1302,,
375,C,1958-12-28,Mexico,MEX./GUAT. FISHING,1,ICB,0,1,0,,0,ICB v16|crisno 169,,
376,C,1959-04-10,India,hihost 4 (use of force),1,MID,0,0,0,MID hihost 4,0,Dyadic MID 4.03|disno 2869,,
377,C,1959-04-25,Panama,CEN. AMERICA/CUBA I,1,ICB,0,0,1,,0,ICB v16|crisno 170,,
378,C,1959-08-25,China / India,CHINA/INDIA BRD. I,1,ICB,0,1,0,,0,ICB v16|crisno 171,,
379,C,1959-11-28,Iran / Iraq,SHATT-AL-ARAB I,1,ICB,0,1,1,,0,ICB v16|crisno 172,,
380,C,1960-02-15,Egypt / Israel,ROTTEM,1,ICB,0,1,1,,0,ICB v16|crisno 173,,
381,C,1960-06-24,Venezuela,FAILED ASS. VENEZUELA,1,ICB,0,1,0,,0,ICB v16|crisno 175,,
382,C,1961-03-09,United States,PATHET LAO OFFENSIVE,1,ICB,0,1,0,,0,ICB v16|crisno 180,,
383,C,1961-04-15,United States,BAY OF PIGS,1,ICB,0,1,0,,0,ICB v16|crisno 181,,
384,C,1961-08-28,France / USSR/Russia / United Kingdom / United States / West Germany,BERLIN WALL / VIET CONG ATTACK,2,ICB,0,1,0,,0,ICB v16|crisno 185 ; ICB v16|crisno 186,,
385,C,1961-09-26,Indonesia,WEST IRIAN II,1,ICB,0,1,1,,0,ICB v16|crisno 187,,
386,C,1961-09-28,Egypt,BREAKUP OF UAR,1,ICB,0,1,1,,0,ICB v16|crisno 188,,
387,C,1962-05-06,United States,NAM THA,1,ICB,0,1,0,,0,ICB v16|crisno 193,,
388,C,1963-06-01,Ethiopia / Somalia,First Ogaden,1,COW,0,0,1,,0,COW War v4.1 intra-state|WarNum 757,,
389,C,1963-07-01,India,hihost 4 (use of force),1,MID,0,0,0,MID hihost 4,0,Dyadic MID 4.03|disno 1317,,
390,C,1963-11-01,Venezuela,CUBA/VENEZUELA,1,ICB,0,1,0,,0,ICB v16|crisno 200,,
391,C,1963-12-11,Egypt / Israel / Jordan / Lebanon / Syria,JORDAN WATERS,1,ICB,0,1,1,,0,ICB v16|crisno 203,,
392,C,1964-01-19,United Kingdom,E. AFRICA REBELLIONS,1,ICB,0,1,0,,0,ICB v16|crisno 207,,
393,C,1964-08-01,India,hihost 5 (war),1,MID,0,0,0,MID hihost 5,0,Dyadic MID 4.03|disno 1312,,
394,C,1965-01-01,India,hihost 4 (use of force),1,MID,0,0,0,MID hihost 4,0,Dyadic MID 4.03|disno 2631,,
395,C,1965-04-08,India,RANN OF KUTCH,1,ICB,0,0,0,ICB viol 3,0,ICB v16|crisno 214,,
396,C,1965-08-05,India,KASHMIR II / Second Kashmir,2,COW+ICB,1,0,0,COW inter-state war; ICB viol 4,0,COW War v4.0 inter-state|WarNum 166 ; ICB v16|crisno 216,,
397,C,1966-03-14,Japan / South Korea,hihost 4 (use of force),1,MID,0,0,0,MID hihost 4,0,Dyadic MID 4.03|disno 2919,,
398,C,1966-11-01,France,First Chad (FROLINAT) Rebellion,1,COW,0,0,0,,0,COW War v4.1 intra-state|WarNum 771,,
399,C,1967-10-09,India,hihost 4 (use of force),1,MID,0,0,0,MID hihost 4,0,Dyadic MID 4.03|disno 1343,,
400,C,1967-11-15,Turkey,CYPRUS II,1,ICB,0,0,1,,0,ICB v16|crisno 223,,
401,C,1968-12-28,Lebanon,BEIRUT AIRPORT,1,ICB,0,0,1,,0,ICB v16|crisno 229,,
402,C,1969-03-01,India,hihost 4 (use of force),1,MID,0,0,0,MID hihost 4,0,Dyadic MID 4.03|disno 2633,,
403,C,1969-04-15,United States,EC-121 SPY PLANE,1,ICB,0,1,0,,0,ICB v16|crisno 233,,
404,C,1969-08-12,India,hihost 4 (use of force),1,MID,0,0,0,MID hihost 4,0,Dyadic MID 4.03|disno 2634,,
405,C,1969-12-20,India,hihost 4 (use of force),1,MID,0,0,0,MID hihost 4,0,Dyadic MID 4.03|disno 2635,,
406,C,1970-02-01,India,Naxalite Rebellion,1,COW,0,0,0,,0,COW War v4.1 intra-state|WarNum 778,,
407,C,1971-03-25,India,BANGLADESH / hihost 5 (war),2,ICB+MID,1,0,0,ICB viol 4; MID hihost 5,0,ICB v16|crisno 242 ; Dyadic MID 4.03|disno 1447,,
408,C,1971-05-24,Libya,CHAD/LIBYA I,1,ICB,0,1,0,,0,ICB v16|crisno 243,,
409,C,1971-12-03,India,Bangladesh,1,COW,0,0,0,COW inter-state war,0,COW War v4.0 inter-state|WarNum 178,,
410,C,1972-05-05,India,hihost 4 (use of force),1,MID,0,0,0,MID hihost 4,0,Dyadic MID 4.03|disno 2638,,
411,C,1973-03-20,Kuwait,IRAQ INVASION/KUWAIT,1,ICB,0,1,0,,0,ICB v16|crisno 252,,
412,C,1973-04-10,Israel,ISRAEL MOBILIZATION,1,ICB,0,0,1,,0,ICB v16|crisno 253,,
413,C,1973-05-14,United Kingdom,COD WAR I,1,ICB,0,1,0,,0,ICB v16|crisno 254,,
414,C,1975-01-28,Ethiopia,Eritrean War,1,COW,0,0,1,,0,COW War v4.1 intra-state|WarNum 798,,
415,C,1975-04-13,Lebanon / Syria,Second Lebanese,1,COW,0,0,1,,0,COW War v4.1 intra-state|WarNum 801,,
416,C,1975-11-01,United Kingdom,BELIZE I / COD WAR II,2,ICB,0,1,0,,0,ICB v16|crisno 262 ; ICB v16|crisno 263,,
417,C,1976-06-09,Syria,IRAQI THREAT,1,ICB,0,0,1,,0,ICB v16|crisno 269,,
418,C,1976-06-27,Israel,ENTEBBE RAID,1,ICB,0,0,1,,0,ICB v16|crisno 270,,
419,C,1976-07-01,Ethiopia / Somalia,Second Ogaden Phase 1,1,COW,0,0,1,,0,COW War v4.1 intra-state|WarNum 805,,
420,C,1976-08-06,Turkey,AEGEAN SEA I,1,ICB,0,0,1,,0,ICB v16|crisno 272,,
421,C,1976-11-21,Israel,SYRIA MOBILIZATION,1,ICB,0,0,1,,0,ICB v16|crisno 275,,
422,C,1977-06-25,United Kingdom,BELIZE II,1,ICB,0,1,0,,0,ICB v16|crisno 279,,
423,C,1977-10-25,Algeria / France,FRENCH HOSTAGES MAUR.,1,ICB,0,1,0,,0,ICB v16|crisno 285,,
424,C,1977-11-12,Japan / South Korea,hihost 4 (use of force),1,MID,0,0,0,MID hihost 4,0,Dyadic MID 4.03|disno 2963,,
425,C,1977-12-05,Argentina,BEAGLE CHANNEL I,1,ICB,0,1,0,,0,ICB v16|crisno 287,,
426,C,1978-02-01,Israel / Syria,Third Lebanese,1,COW,0,0,1,,0,COW War v4.1 intra-state|WarNum 807,,
427,C,1978-03-10,Ethiopia / Somalia,Second Ogaden Phase 3,1,COW,0,0,1,,0,COW War v4.1 intra-state|WarNum 808,,
428,C,1978-10-16,Argentina,BEAGLE CHANNEL II,1,ICB,0,1,0,,0,ICB v16|crisno 295,,
429,C,1978-11-07,Angola,ANGOLA INVASION SCARE,1,ICB,0,1,0,,0,ICB v16|crisno 297,,
430,C,1979-06-01,Algeria,GOULIMIME-TARFAYA RD,1,ICB,0,1,0,,0,ICB v16|crisno 305,,
431,C,1979-10-28,Angola,RAID ON ANGOLA,1,ICB,0,1,0,,0,ICB v16|crisno 308,,
432,C,1979-12-12,Colombia,COLOMBIA/NICARAGUA,1,ICB,0,1,0,,0,ICB v16|crisno 310,,
433,C,1980-06-11,Egypt / Libya,LIBYA THREAT-SADAT,1,ICB,0,1,1,,0,ICB v16|crisno 314,,
434,C,1980-08-14,USSR/Russia,SOLIDARITY,1,ICB,0,1,0,,0,ICB v16|crisno 315,,
435,C,1980-11-25,Jordan,JORDAN/SYRIA CONFRNT.,1,ICB,0,0,1,,0,ICB v16|crisno 319,,
436,C,1980-12-05,Ethiopia / Somalia,E. AFRICA CONFRONT.,1,ICB,0,0,1,,0,ICB v16|crisno 320,,
437,C,1981-01-01,Iraq / Israel,IRAQ NUCLEAR REACTOR,1,ICB,0,1,1,,0,ICB v16|crisno 324,,
438,C,1981-01-06,France / Libya,CHAD/LIBYA V,1,ICB,0,1,0,,0,ICB v16|crisno 321,,
439,C,1981-04-04,Venezuela,ESSEQUIBO II,1,ICB,0,1,0,,0,ICB v16|crisno 325,,
440,C,1981-04-28,Israel / Syria,AL-BIQA MISSILES I,1,ICB,0,0,1,,0,ICB v16|crisno 327,,
441,C,1981-05-15,Nigeria,CAMEROON/NIGERIA I,1,ICB,0,1,0,,0,ICB v16|crisno 328,,
442,C,1981-07-07,India,hihost 4 (use of force),1,MID,0,0,0,MID hihost 4,0,Dyadic MID 4.03|disno 2639,,
443,C,1981-10-28,USSR/Russia,U-137 INCIDENT,1,ICB,0,1,0,,0,ICB v16|crisno 333,,
444,C,1981-11-01,Syria,Hama,1,COW,0,0,1,,0,COW War v4.1 intra-state|WarNum 825,,
445,C,1981-12-13,Bahrain / Saudi Arabia,COUP ATTEMPT IN BAHRAIN,1,ICB,0,1,1,,0,ICB v16|crisno 334,,
446,C,1982-01-15,Japan,hihost 4 (use of force),1,MID,0,0,0,MID hihost 4,0,Dyadic MID 4.03|disno 3612,,
447,C,1982-01-23,Ethiopia,Tigrean and Eritrean,1,COW,0,0,1,,0,COW War v4.1 intra-state|WarNum 826,,
448,C,1982-04-24,Japan / South Korea,hihost 4 (use of force),1,MID,0,0,0,MID hihost 4,0,Dyadic MID 4.03|disno 2974,,
449,C,1983-02-11,Egypt / Libya,LIBYA THREAT/SUDAN,1,ICB,0,1,1,,0,ICB v16|crisno 340,,
450,C,1983-07-25,India,First Sri Lanka Tamil,1,COW,0,0,0,,0,COW War v4.1 intra-state|WarNum 835,,
451,C,1983-10-20,India,hihost 4 (use of force),1,MID,0,0,0,MID hihost 4,0,Dyadic MID 4.03|disno 2641,,
452,C,1983-11-02,USSR/Russia,ABLE ARCHER 83,1,ICB,0,1,0,,0,ICB v16|crisno 344,,
453,C,1984-06-01,India,Indian Golden Temple / hihost 4 (use of force),2,COW+MID,1,0,0,MID hihost 4,0,COW War v4.1 intra-state|WarNum 837 ; Dyadic MID 4.03|disno 2642,,
454,C,1984-08-14,Turkey,First Turkish Kurds,1,COW,0,0,1,,0,COW War v4.1 intra-state|WarNum 838,,
455,C,1984-11-06,United States,NICARAGUA MIG-21S,1,ICB,0,1,0,,0,ICB v16|crisno 354,,
456,C,1985-01-17,India,hihost 4 (use of force),1,MID,0,0,0,MID hihost 4,0,Dyadic MID 4.03|disno 2643,,
457,C,1985-11-19,Israel / Syria,AL-BIQA MISSILES II,1,ICB,0,0,1,,0,ICB v16|crisno 357,,
458,C,1985-11-23,Egypt / Libya,EGYPT AIR HIJACKING,1,ICB,0,1,1,,0,ICB v16|crisno 358,,
459,C,1986-01-13,Yemen People's Republic,South Yemen,1,COW,0,0,1,,0,COW War v4.1 intra-state|WarNum 842,,
460,C,1986-03-24,Libya / United States,GULF OF SYRTE II,1,ICB,0,1,0,,0,ICB v16|crisno 363,,
461,C,1986-10-14,India,hihost 4 (use of force),1,MID,0,0,0,MID hihost 4,0,Dyadic MID 4.03|disno 2644,,
