event_date,actors,source,source_id,source_detail,suggested_title
1946-03-15,China; China vs Communists,COW War v4.1 intra-state,WarNum 725,"Chinese Civil War, Phase 2; 1946-03-15..1950-04-21",
1946-04-01,France; ccode 800,Dyadic MID 4.03,disno 1792,"hihost 4 (use of force); dyads FRN-THI, THI-FRN; 1946-04-01..1946-12-07",
1946-06-28,USSR/Russia,ICB v16,crisno 110,COMMUNISM IN POLAND; 1946-06-28..1947-01-19; viol 1; forout 6,
1946-08-07,United States; Turkey,ICB v16,crisno 111,TURKISH STRAITS; 1946-08-07..1946-10-26; viol 1; forout 4,
1946-08-09,United States; ccode 345,Dyadic MID 4.03,disno 3193,"hihost 4 (use of force); dyads USA-YUG, YUG-USA; 1946-08-09..1946-08-28",
1946-10-05,United Kingdom; ccode 345,Dyadic MID 4.03,disno 3192,"hihost 4 (use of force); dyads UKG-YUG, YUG-UKG; 1946-10-05..1946-10-05",
1947-02-10,ccode 310; USSR/Russia,ICB v16,crisno 113,COMMUNISM IN HUNGARY; 1947-02-10..1947-06-01; viol 1; forout 4,
1947-02-21,United States; ccode 350; Turkey,ICB v16,crisno 114,TRUMAN DOCTRINE; 1947-02-21..1947-05-22; viol 1; forout 4,
1947-02-28,China; China vs Taiwanese,COW War v4.1 intra-state,WarNum 726,Taiwan Revolt; 1947-02-28..1947-03-21,
1947-05-12,USSR/Russia; China,Dyadic MID 4.03,disno 3265,"hihost 4 (use of force); dyads CHN-RUS, RUS-CHN; 1947-05-12..1948-02-28",
1947-07-03,ccode 315; USSR/Russia,ICB v16,crisno 115,MARSHALL PLAN; 1947-07-03..1947-07-11; viol 1; forout 4,
1947-07-21,ccode 210; Indonesia,ICB v16,crisno 116,INDONESIA INDEP. II; 1947-07-21..1948-01-17; viol 4; forout 1,
1947-08-17,India; ccode 770,ICB v16,crisno 118,JUNAGADH; 1947-08-17..1948-02-24; viol 2; forout 4,
1947-09-26,India; ccode 770,Dyadic MID 4.03,disno 1238,"hihost 5 (war); dyads IND-PAK, PAK-IND; 1947-09-26..1948-12-28",
1947-10-24,India; ccode 770,ICB v16,crisno 119,KASHMIR I; 1947-10-24..1949-01-01; viol 4; forout 1,
1947-10-26,India (side 1); ccode 770 (side 2),COW War v4.0 inter-state,WarNum 147,First Kashmir; 2 participants; battle deaths 3500,
1947-11-28,Iraq; Egypt; Syria; Lebanon; Jordan; Israel,ICB v16,crisno 120,PAL. PRT./ISRAEL IND.; 1947-11-28..1949-07-20; viol 4; forout 1,
1948-01-17,ccode 155; Argentina; United Kingdom; Norway,Dyadic MID 4.03,disno 2840,"hihost 4 (use of force); dyads ARG-NOR, CHL-UKG, NOR-ARG, UKG-CHL; 1948-01-17..1948-03-06",
1948-02-13,ccode 315; USSR/Russia,ICB v16,crisno 121,COMMUNISM IN CZECH.; 1948-02-13..1948-02-25; viol 1; forout 4,
1948-02-17,Yemen Arab Republic; Yemen vs Anti-Imam Coalition,COW War v4.1 intra-state,WarNum 728,Yemeni Imamate; 1948-02-17..1948-03-20,
1948-03-21,United States; United Kingdom; France; USSR/Russia,Dyadic MID 4.03,disno 26,"hihost 4 (use of force); dyads FRN-RUS, RUS-FRN, RUS-UKG, RUS-USA, UKG-RUS, USA-RUS; 1948-03-21..1949-07-25",
1948-04-09,Colombia; Colombia vs Liberals,COW War v4.1 intra-state,WarNum 731,"Seventh Colombian ""La Violencia""; 1948-04-09..1958-08-07",
1948-05-14,Iraq; Egypt; Syria; Lebanon; Jordan; Israel,Dyadic MID 4.03,disno 1793,"hihost 5 (war); dyads EGY-ISR, IRQ-ISR, ISR-EGY, ISR-IRQ, ISR-JOR, ISR-LEB, ISR-SYR, JOR-ISR, LEB-ISR, SYR-ISR; 1948-05-14..1949-03-10",
1948-05-15,Israel (side 1); Egypt (side 2); Syria (side 2); Lebanon (side 2); Jordan (side 2); Iraq (side 2),COW War v4.0 inter-state,WarNum 148,Arab-Israeli; 6 participants; battle deaths 8000,
1948-06-01,Egypt; Jordan,Dyadic MID 4.03,disno 1042,"hihost 4 (use of force); dyads EGY-JOR, JOR-EGY; 1948-06-01..1948-06-28",
1948-06-07,United States; United Kingdom; France; USSR/Russia,ICB v16,crisno 123,BERLIN BLOCKADE; 1948-06-07..1949-05-12; viol 2; forout 1,
1948-07-21,France; ccode 800,Dyadic MID 4.03,disno 2020,"hihost 4 (use of force); dyads FRN-THI, THI-FRN; 1948-07-21..1948-10-21",
1948-08-21,India,ICB v16,crisno 124,HYDERABAD; 1948-08-21..1948-09-18; viol 2; forout 4,
1948-09-23,United States; ccode 713,ICB v16,crisno 125,CHINA CIVIL WAR; 1948-09-23..1949-12-08; viol 4; forout 4,
1948-12-19,ccode 210; Indonesia,ICB v16,crisno 127,INDONESIA INDEP. III; 1948-12-19..1949-12-27; viol 4; forout 4,
1948-12-25,United Kingdom; Egypt; Israel,ICB v16,crisno 128,SINAI INCURSION; 1948-12-25..1949-01-10; viol 3; forout 4,
1949-01-07,United Kingdom; Jordan; Israel,Dyadic MID 4.03,disno 3229,"hihost 4 (use of force); dyads ISR-JOR, ISR-UKG, JOR-ISR, UKG-ISR; 1949-01-07..1949-04-04",
1949-04-14,India; ccode 770,Dyadic MID 4.03,disno 2625,"hihost 4 (use of force); dyads IND-PAK, PAK-IND; 1949-04-14..1949-07-19",
1949-05-19,Syria; Lebanon,Dyadic MID 4.03,disno 1603,"hihost 4 (use of force); dyads LEB-SYR, SYR-LEB; 1949-05-19..1949-08-14",
1949-07-01,United Kingdom; Yemen Arab Republic,Dyadic MID 4.03,disno 604,"hihost 4 (use of force); dyads UKG-YAR, YAR-UKG; 1949-07-01..1949-09-09",
1949-08-13,United States; ccode 310; ccode 345; USSR/Russia,Dyadic MID 4.03,disno 1286,"hihost 4 (use of force); dyads HUN-USA, HUN-YUG, RUS-USA, RUS-YUG, USA-HUN, USA-RUS, YUG-HUN, YUG-RUS; 1949-08-13..1951-11-24",
1949-10-01,United States; China; ccode 713,Dyadic MID 4.03,disno 633,"hihost 4 (use of force); dyads CHN-TAW, CHN-USA, TAW-CHN, USA-CHN; 1949-10-01..1950-08-07",
1949-10-01,United States; China,Dyadic MID 4.03,disno 634,"hihost 4 (use of force); dyads CHN-USA, USA-CHN; 1949-10-01..1950-01-24",
1949-10-02,United States; ccode 713,Dyadic MID 4.03,disno 2006,"hihost 4 (use of force); dyads TAW-USA, USA-TAW; 1949-10-02..1950-02-27",
1949-10-18,United Kingdom; ccode 713,Dyadic MID 4.03,disno 2007,"hihost 4 (use of force); dyads TAW-UKG, UKG-TAW; 1949-10-18..1949-11-16",
1949-12-23,Egypt; Israel,Dyadic MID 4.03,disno 3386,"hihost 4 (use of force); dyads EGY-ISR, ISR-EGY; 1949-12-23..1950-01-07",
1950-02-16,Syria; Israel,Dyadic MID 4.03,disno 3411,"hihost 4 (use of force); dyads ISR-SYR, SYR-ISR; 1950-02-16..1950-09-04",
1950-02-23,India; ccode 770,Dyadic MID 4.03,disno 1308,"hihost 4 (use of force); dyads IND-PAK, PAK-IND; 1950-02-23..1950-06-13",
1950-04-20,United Kingdom; Jordan; Israel,Dyadic MID 4.03,disno 1006,"hihost 4 (use of force); dyads ISR-JOR, ISR-UKG, JOR-ISR, UKG-ISR; 1950-04-20..1956-10-26",
1950-05-03,United Kingdom; USSR/Russia,Dyadic MID 4.03,disno 3196,"hihost 4 (use of force); dyads RUS-UKG, UKG-RUS; 1950-05-03..1950-09-27",
1950-05-28,Indonesia; Indonesia vs Moluccans,COW War v4.1 intra-state,WarNum 733,South Moluccas; 1950-05-28..1950-11-03,
1950-06-05,United Kingdom; ccode 713,Dyadic MID 4.03,disno 2008,"hihost 4 (use of force); dyads TAW-UKG, UKG-TAW; 1950-06-05..1950-07-15",
1950-06-24,China (side 2); ccode 211 (side 1); Canada (side 1); Colombia (side 1); United Kingdom (side 1); ccode 210 (side 1); ccode 350 (side 1); France (side 1); Turkey (side 1); ccode 840 (side 1); ccode 800 (side 1); ccode 731 (side 2); Ethiopia (side 1); ccode 900 (side 1); South Korea (side 1); United States (side 1),COW War v4.0 inter-state,WarNum 151,Korean; 16 participants; battle deaths 910084,
1950-06-25,United States; China; ccode 713; South Korea,ICB v16,crisno 132,KOREAN WAR I; 1950-06-25..1950-09-28; viol 4; forout 4,
1950-07-12,Syria; Israel,Dyadic MID 4.03,disno 3400,"hihost 4 (use of force); dyads ISR-SYR, SYR-ISR; 1950-07-12..1950-07-12",
1950-08-17,United Kingdom; China,Dyadic MID 4.03,disno 2009,"hihost 4 (use of force); dyads CHN-UKG, UKG-CHN; 1950-08-17..1950-08-24",
1950-09-28,United States; Canada; Colombia; United Kingdom; France; ccode 560; Turkey; China; South Korea; ccode 800; ccode 840,Dyadic MID 4.03,disno 51,"hihost 5 (war); dyads CAN-CHN, CHN-CAN, CHN-COL, CHN-FRN, CHN-PHI, CHN-ROK, CHN-SAF, CHN-THI, CHN-TUR, CHN-UKG, CHN-USA, COL-CHN, FRN-CHN, PHI-CHN, ROK-CHN, SAF-CHN, THI-CHN, TUR-CHN, UKG-CHN, USA-CHN; 1950-09-28..1953-07-27",
1950-09-28,United States; USSR/Russia; China; ccode 731; South Korea,ICB v16,crisno 133,KOREAN WAR II; 1950-09-28..1951-07-10; viol 4; forout 2,
1950-10-09,Syria; Israel,Dyadic MID 4.03,disno 3427,"hihost 4 (use of force); dyads ISR-SYR, SYR-ISR; 1950-10-09..1952-07-13",
1950-11-06,Egypt; Israel,Dyadic MID 4.03,disno 3370,"hihost 4 (use of force); dyads EGY-ISR, ISR-EGY; 1950-11-06..1951-04-07",
1950-11-23,France; China,Dyadic MID 4.03,disno 2010,"hihost 4 (use of force); dyads CHN-FRN, FRN-CHN; 1950-11-23..1950-11-23",
1951-02-12,Syria; Israel,ICB v16,crisno 134,HULA DRAINAGE; 1951-02-12..1951-05-15; viol 3; forout 1,
1951-02-13,United Kingdom; China,Dyadic MID 4.03,disno 2991,"hihost 4 (use of force); dyads CHN-UKG, UKG-CHN; 1951-02-13..1951-06-08",
1951-02-16,United States; China; ccode 713,Dyadic MID 4.03,disno 2052,"hihost 4 (use of force); dyads CHN-TAW, CHN-USA, TAW-CHN, USA-CHN; 1951-02-16..1952-10-16",
1951-03-13,India; ccode 770,Dyadic MID 4.03,disno 1079,"hihost 4 (use of force); dyads IND-PAK, PAK-IND; 1951-03-13..1951-08-14",
1951-03-18,United Kingdom; ccode 713,Dyadic MID 4.03,disno 2992,"hihost 4 (use of force); dyads TAW-UKG, UKG-TAW; 1951-03-18..1951-05-22",
1951-07-07,India; ccode 770,ICB v16,crisno 135,PUNJAB WAR SCARE I; 1951-07-07..1951-08-01; viol 1; forout 3,
1951-07-28,United Kingdom; Egypt,ICB v16,crisno 136,SUEZ CANAL; 1951-07-28..1952-01-28; viol 3; forout 2,
1951-08-02,USSR/Russia; Iran,Dyadic MID 4.03,disno 3199,"hihost 4 (use of force); dyads IRN-RUS, RUS-IRN; 1951-08-02..1951-08-02",
1951-08-11,Ecuador; ccode 135,Dyadic MID 4.03,disno 1155,"hihost 4 (use of force); dyads ECU-PER, PER-ECU; 1951-08-11..1951-08-15",
1951-09-19,Egypt; Israel,Dyadic MID 4.03,disno 3372,"hihost 4 (use of force); dyads EGY-ISR, ISR-EGY; 1951-09-19..1952-07-02",
1951-10-13,United Kingdom; Egypt,Dyadic MID 4.03,disno 7,"hihost 4 (use of force); dyads EGY-UKG, UKG-EGY; 1951-10-13..1952-01-26",
1951-12-16,Syria; Israel,Dyadic MID 4.03,disno 3413,"hihost 4 (use of force); dyads ISR-SYR, SYR-ISR; 1951-12-16..1952-06-28",
1951-12-28,Syria; Israel,Dyadic MID 4.03,disno 3401,"hihost 4 (use of force); dyads ISR-SYR, SYR-ISR; 1951-12-28..1951-12-28",
1952-01-09,Syria; Israel,Dyadic MID 4.03,disno 3414,"hihost 4 (use of force); dyads ISR-SYR, SYR-ISR; 1952-01-09..1952-04-25",
1952-06-28,ccode 310; ccode 345; USSR/Russia,Dyadic MID 4.03,disno 1703,"hihost 4 (use of force); dyads HUN-YUG, RUS-YUG, YUG-HUN, YUG-RUS; 1952-06-28..1952-10-26",
1952-07-01,ccode 155; Argentina,Dyadic MID 4.03,disno 1097,"hihost 4 (use of force); dyads ARG-CHL, CHL-ARG; 1952-07-01..1952-09-28",
1952-08-01,United States; Ecuador,Dyadic MID 4.03,disno 1702,"hihost 4 (use of force); dyads ECU-USA, USA-ECU; 1952-08-01..1952-10-28",
1952-09-25,United Kingdom; China,Dyadic MID 4.03,disno 2989,"hihost 4 (use of force); dyads CHN-UKG, UKG-CHN; 1952-09-25..1952-10-03",
1952-10-04,India; ccode 770,Dyadic MID 4.03,disno 2626,"hihost 4 (use of force); dyads IND-PAK, PAK-IND; 1952-10-04..1952-11-02",
1952-12-24,Egypt; Israel,Dyadic MID 4.03,disno 3374,"hihost 4 (use of force); dyads EGY-ISR, ISR-EGY; 1952-12-24..1954-03-26",
1953-01-24,Egypt; Israel,Dyadic MID 4.03,disno 3373,"hihost 4 (use of force); dyads EGY-ISR, ISR-EGY; 1953-01-24..1956-10-06",
1953-02-01,Syria; Israel,Dyadic MID 4.03,disno 3417,"hihost 4 (use of force); dyads ISR-SYR, SYR-ISR; 1953-02-01..1958-01-22",
1953-02-03,South Korea; Japan,Dyadic MID 4.03,disno 1344,"hihost 4 (use of force); dyads JPN-ROK, ROK-JPN; 1953-02-03..1954-02-27",
1953-02-11,United States; USSR/Russia; China; ccode 713; South Korea,Dyadic MID 4.03,disno 50,"hihost 5 (war); dyads CHN-ROK, CHN-TAW, CHN-USA, ROK-CHN, ROK-RUS, RUS-ROK, RUS-USA, TAW-CHN, USA-CHN, USA-RUS; 1953-02-11..1956-01-19",
1953-02-22,Syria; Israel,Dyadic MID 4.03,disno 3428,"hihost 4 (use of force); dyads ISR-SYR, SYR-ISR; 1953-02-22..1953-10-28",
1953-03-12,United States; United Kingdom; USSR/Russia,Dyadic MID 4.03,disno 208,"hihost 4 (use of force); dyads RUS-UKG, RUS-USA, UKG-RUS, USA-RUS; 1953-03-12..1953-03-28",
1953-03-24,France; ccode 812,ICB v16,crisno 139,INVASION OF LAOS I; 1953-03-24..1953-01-01; viol 3; forout 7,
1953-04-16,United States; China; ccode 731; South Korea,ICB v16,crisno 140,KOREAN WAR III; 1953-04-16..1953-07-27; viol 3; forout 1,
1953-05-24,United Kingdom; ccode 713,Dyadic MID 4.03,disno 2988,"hihost 4 (use of force); dyads TAW-UKG, UKG-TAW; 1953-05-24..1953-11-25",
1953-06-17,USSR/Russia,ICB v16,crisno 141,E. GERMAN UPRISING; 1953-06-17..1953-07-11; viol 3; forout 4,
1953-06-24,USSR/Russia; ccode 713,Dyadic MID 4.03,disno 2036,"hihost 4 (use of force); dyads RUS-TAW, TAW-RUS; 1953-06-24..1953-06-24",
1953-09-09,United Kingdom; China,Dyadic MID 4.03,disno 2984,"hihost 4 (use of force); dyads CHN-UKG, UKG-CHN; 1953-09-09..1953-09-09",
1953-09-20,Indonesia; Indonesia vs Darul Islam,COW War v4.1 intra-state,WarNum 738,Indonesia Darul Islam; 1953-09-20..1953-11-23,
1953-10-08,Italy; ccode 345,ICB v16,crisno 142,TRIESTE II; 1953-10-08..1953-12-05; viol 1; forout 1,
1953-10-14,Jordan,ICB v16,crisno 143,QIBYA; 1953-10-14..1953-10-28; viol 3; forout 4,
1953-10-17,USSR/Russia; Japan,Dyadic MID 4.03,disno 3207,"hihost 4 (use of force); dyads JPN-RUS, RUS-JPN; 1953-10-17..1954-06-20",
1953-12-12,United States; ccode 90; ccode 91,ICB v16,crisno 144,GUATEMALA; 1953-12-12..1954-06-28; viol 2; forout 4,
1953-12-14,China; Japan,Dyadic MID 4.03,disno 3208,"hihost 4 (use of force); dyads CHN-JPN, JPN-CHN; 1953-12-14..1954-07-04",
1954-01-24,Ecuador; ccode 135,Dyadic MID 4.03,disno 1156,"hihost 4 (use of force); dyads ECU-PER, PER-ECU; 1954-01-24..1954-10-28",
1954-02-28,Syria; Israel,Dyadic MID 4.03,disno 3403,"hihost 4 (use of force); dyads ISR-SYR, SYR-ISR; 1954-02-28..1954-02-28",
1954-03-13,United States; United Kingdom; France,ICB v16,crisno 145,DIEN BIEN PHU; 1954-03-13..1954-07-21; viol 4; forout 5,
1954-04-06,Syria; Israel,Dyadic MID 4.03,disno 3404,"hihost 4 (use of force); dyads ISR-SYR, SYR-ISR; 1954-04-06..1955-02-25",
1954-05-02,USSR/Russia; ccode 713,Dyadic MID 4.03,disno 1448,"hihost 4 (use of force); dyads RUS-TAW, TAW-RUS; 1954-05-02..1954-11-20",
1954-07-23,United States; China,Dyadic MID 4.03,disno 2033,"hihost 4 (use of force); dyads CHN-USA, USA-CHN; 1954-07-23..1954-07-27",
1954-07-23,United Kingdom; China,Dyadic MID 4.03,disno 2034,"hihost 4 (use of force); dyads CHN-UKG, UKG-CHN; 1954-07-23..1954-07-23",
1954-07-28,South Korea; Japan,Dyadic MID 4.03,disno 1345,"hihost 4 (use of force); dyads JPN-ROK, ROK-JPN; 1954-07-28..1954-07-28",
1954-08-15,Syria; Israel,Dyadic MID 4.03,disno 3415,"hihost 4 (use of force); dyads ISR-SYR, SYR-ISR; 1954-08-15..1954-12-28",
1954-08-24,China; ccode 713,Dyadic MID 4.03,disno 2987,"hihost 4 (use of force); dyads CHN-TAW, TAW-CHN; 1954-08-24..1955-11-27",
1954-08-28,United States; China; ccode 713,ICB v16,crisno 146,TAIWAN STRAIT I; 1954-08-28..1955-04-23; viol 3; forout 2,
1954-09-03,China (side 1); ccode 713 (side 2),COW War v4.0 inter-state,WarNum 153,Off-shore Islands; 2 participants; battle deaths 2370,
1955-01-19,United Kingdom; ccode 713,Dyadic MID 4.03,disno 2037,"hihost 4 (use of force); dyads TAW-UKG, UKG-TAW; 1955-01-19..1955-01-19",
1955-01-28,United States; ccode 135,Dyadic MID 4.03,disno 3243,"hihost 4 (use of force); dyads PER-USA, USA-PER; 1955-01-28..1955-02-28",
1955-02-01,China; ccode 770,Dyadic MID 4.03,disno 3211,"hihost 4 (use of force); dyads CHN-PAK, PAK-CHN; 1955-02-01..1955-02-01",
1955-02-24,Egypt,ICB v16,crisno 148,BAGHDAD PACT; 1955-02-24..1955-10-28; viol 1; forout 6,
1955-02-28,Egypt; Israel,ICB v16,crisno 149,GAZA RAID-CZECH. ARMS; 1955-02-28..1956-06-23; viol 3; forout 6,
1955-03-24,USSR/Russia; Japan,Dyadic MID 4.03,disno 2847,"hihost 4 (use of force); dyads JPN-RUS, RUS-JPN; 1955-03-24..1957-11-19",
1955-03-28,United States; Ecuador,Dyadic MID 4.03,disno 3242,"hihost 4 (use of force); dyads ECU-USA, USA-ECU; 1955-03-28..1955-04-28",
1955-03-28,Syria; Israel,Dyadic MID 4.03,disno 3418,"hihost 4 (use of force); dyads ISR-SYR, SYR-ISR; 1955-03-28..1955-03-28",
1955-05-07,India; ccode 770,Dyadic MID 4.03,disno 1300,"hihost 4 (use of force); dyads IND-PAK, PAK-IND; 1955-05-07..1955-07-12",
1955-05-11,United States; China,Dyadic MID 4.03,disno 2032,"hihost 4 (use of force); dyads CHN-USA, USA-CHN; 1955-05-11..1955-05-11",
1955-06-15,Argentina; Argentina vs Military,COW War v4.1 intra-state,WarNum 740,Argentine Military; 1955-06-15..1955-09-19,
1955-08-03,South Korea; Japan,Dyadic MID 4.03,disno 1346,"hihost 4 (use of force); dyads JPN-ROK, ROK-JPN; 1955-08-03..1955-12-03",
1955-08-04,ccode 155; Argentina,Dyadic MID 4.03,disno 1098,"hihost 4 (use of force); dyads ARG-CHL, CHL-ARG; 1955-08-04..1955-09-28",
1955-08-04,Syria; Israel,Dyadic MID 4.03,disno 3416,"hihost 4 (use of force); dyads ISR-SYR, SYR-ISR; 1955-08-04..1955-08-04",
1955-09-01,United States; United Kingdom; France; USSR/Russia; Egypt; Israel,Dyadic MID 4.03,disno 200,"hihost 5 (war); dyads EGY-FRN, EGY-ISR, EGY-UKG, FRN-EGY, FRN-RUS, ISR-EGY, ISR-RUS, RUS-FRN, RUS-ISR, RUS-UKG, RUS-USA, UKG-EGY, UKG-RUS, USA-RUS; 1955-09-01..1956-11-06",
1955-10-14,Egypt; Syria; Israel,Dyadic MID 4.03,disno 3405,"hihost 4 (use of force); dyads EGY-ISR, ISR-EGY, ISR-SYR, SYR-ISR; 1955-10-14..1960-06-09",
1955-11-03,Turkey; Syria,Dyadic MID 4.03,disno 3154,"hihost 4 (use of force); dyads SYR-TUR, TUR-SYR; 1955-11-03..1956-12-10",
1955-12-25,China; South Korea,Dyadic MID 4.03,disno 3213,"hihost 4 (use of force); dyads CHN-ROK, ROK-CHN; 1955-12-25..1955-12-25",
1956-01-28,USSR/Russia; Norway,Dyadic MID 4.03,disno 3225,"hihost 4 (use of force); dyads NOR-RUS, RUS-NOR; 1956-01-28..1956-02-07",
1956-02-17,India; ccode 770,Dyadic MID 4.03,disno 1301,"hihost 4 (use of force); dyads IND-PAK, PAK-IND; 1956-02-17..1956-03-26",
1956-03-01,China; China vs Khamba Tibetans,COW War v4.1 intra-state,WarNum 741,Tibetan Khamba Rebellion; 1956-03-01..1959-04-14,
1956-03-18,India; ccode 770,Dyadic MID 4.03,disno 2627,"hihost 4 (use of force); dyads IND-PAK, PAK-IND; 1956-03-18..1956-03-26",
1956-06-03,United Kingdom; Yemen Arab Republic,Dyadic MID 4.03,disno 259,"hihost 4 (use of force); dyads UKG-YAR, YAR-UKG; 1956-06-03..1958-09-06",
1956-07-22,China; ccode 713,Dyadic MID 4.03,disno 2986,"hihost 4 (use of force); dyads CHN-TAW, TAW-CHN; 1956-07-22..1956-08-08",
1956-07-26,United States; United Kingdom; France; USSR/Russia; Egypt; Israel,ICB v16,crisno 152,SUEZ NATN.-WAR; 1956-07-26..1957-03-12; viol 4; forout 4,
1956-07-28,China; ccode 775,Dyadic MID 4.03,disno 605,"hihost 4 (use of force); dyads CHN-MYA, MYA-CHN; 1956-07-28..1956-12-12",
1956-08-22,United States; China,Dyadic MID 4.03,disno 53,"hihost 4 (use of force); dyads CHN-USA, USA-CHN; 1956-08-22..1956-08-23",
1956-09-13,Jordan; Israel,ICB v16,crisno 153,QALQILYA; 1956-09-13..1956-10-28; viol 3; forout 4,
1956-10-15,ccode 290; USSR/Russia,ICB v16,crisno 154,POLAND LIBERALIZATION; 1956-10-15..1956-10-22; viol 1; forout 3,
1956-10-20,ccode 310; USSR/Russia,Dyadic MID 4.03,disno 606,"hihost 5 (war); dyads HUN-RUS, RUS-HUN; 1956-10-20..1956-11-14",
1956-10-23,ccode 310; USSR/Russia,ICB v16,crisno 155,HUNGARIAN UPRISING; 1956-10-23..1957-01-01; viol 3; forout 4,
1956-10-28,France (side 1); Israel (side 1); Egypt (side 2); United Kingdom (side 1),COW War v4.0 inter-state,WarNum 155,Sinai War; 4 participants; battle deaths 3221,
1956-11-04,ccode 310 (side 2); USSR/Russia (side 1),COW War v4.0 inter-state,WarNum 156,Soviet Invasion of Hungary; 2 participants; battle deaths 2426,
1956-12-15,Indonesia; Indonesia vs Leftists,COW War v4.1 intra-state,WarNum 742,Indonesian Leftists; 1956-12-15..1962-06-04,
1957-01-01,Jordan; Israel,Dyadic MID 4.03,disno 3230,"hihost 4 (use of force); dyads ISR-JOR, JOR-ISR; 1957-01-01..1959-01-22",
1957-01-12,Israel; Saudi Arabia,Dyadic MID 4.03,disno 1013,"hihost 4 (use of force); dyads ISR-SAU, SAU-ISR; 1957-01-12..1957-11-07",
1957-04-03,Egypt; Israel,Dyadic MID 4.03,disno 3375,"hihost 4 (use of force); dyads EGY-ISR, ISR-EGY; 1957-04-03..1961-04-28",
1957-04-04,Jordan,ICB v16,crisno 157,JORDAN REGIME; 1957-04-04..1957-05-03; viol 2; forout 4,
1957-04-13,United States; USSR/Russia; Turkey; Iraq; Egypt; Syria; Jordan,Dyadic MID 4.03,disno 607,"hihost 4 (use of force); dyads EGY-JOR, EGY-TUR, EGY-USA, IRQ-SYR, JOR-EGY, JOR-RUS, JOR-SYR, RUS-JOR, RUS-TUR, RUS-USA, SYR-IRQ, SYR-JOR, SYR-TUR, SYR-USA, TUR-EGY, TUR-RUS, TUR-SYR, USA-EGY, USA-RUS, USA-SYR; 1957-04-13..1957-11-19",
1957-06-12,United States; China; ccode 713,Dyadic MID 4.03,disno 2049,"hihost 4 (use of force); dyads CHN-TAW, CHN-USA, TAW-CHN, USA-CHN; 1957-06-12..1957-06-13",
1957-08-18,United States; Turkey; Syria,ICB v16,crisno 159,SYRIA/TURKEY CONFRNT.; 1957-08-18..1957-10-28; viol 1; forout 4,
1957-11-21,France (side 1); ccode 230 (side 1); ccode 600 (side 2),COW War v4.0 inter-state,WarNum 158,IfniWar; 3 participants; battle deaths 1122,
1958-01-01,South Korea; Japan,Dyadic MID 4.03,disno 1347,"hihost 4 (use of force); dyads JPN-ROK, ROK-JPN; 1958-01-01..1964-01-28",
1958-02-01,ccode 625; Egypt,Dyadic MID 4.03,disno 1091,"hihost 4 (use of force); dyads EGY-SUD, SUD-EGY; 1958-02-01..1958-02-25",
1958-02-01,Iraq; Jordan,ICB v16,crisno 162,FORMATION OF UAR; 1958-02-01..1958-02-14; viol 1; forout 6,
1958-02-21,Indonesia,ICB v16,crisno 164,ABORT. COUP INDONESIA; 1958-02-21..1958-05-20; viol 3; forout 4,
1958-03-05,Syria; Jordan,Dyadic MID 4.03,disno 3151,"hihost 4 (use of force); dyads JOR-SYR, SYR-JOR; 1958-03-05..1958-03-05",
1958-03-05,Turkey; Syria,Dyadic MID 4.03,disno 3152,"hihost 4 (use of force); dyads SYR-TUR, TUR-SYR; 1958-03-05..1958-04-13",
1958-03-11,India; ccode 770,Dyadic MID 4.03,disno 1302,"hihost 4 (use of force); dyads IND-PAK, PAK-IND; 1958-03-11..1959-08-02",
1958-04-01,ccode 155; Argentina,Dyadic MID 4.03,disno 1099,"hihost 4 (use of force); dyads ARG-CHL, CHL-ARG; 1958-04-01..1958-08-19",
1958-05-07,China; Japan,Dyadic MID 4.03,disno 2853,"hihost 4 (use of force); dyads CHN-JPN, JPN-CHN; 1958-05-07..1958-05-07",
1958-05-08,United States; United Kingdom; Lebanon; Jordan,ICB v16,crisno 165,IRAQ/LEB. UPHEAVAL; 1958-05-08..1958-10-28; viol 2; forout 4,
1958-05-09,United States; Lebanon; Lebanon vs National Front | United States of America vs -8,COW War v4.1 intra-state,WarNum 743,First Lebanese; 1958-05-09..1958-09-15,
1958-06-04,USSR/Russia; Japan,Dyadic MID 4.03,disno 2852,"hihost 4 (use of force); dyads JPN-RUS, RUS-JPN; 1958-06-04..1958-10-05",
1958-06-27,United States; USSR/Russia,Dyadic MID 4.03,disno 2215,"hihost 4 (use of force); dyads RUS-USA, USA-RUS; 1958-06-27..1958-07-07",
1958-07-02,China; India,Dyadic MID 4.03,disno 1707,"hihost 4 (use of force); dyads CHN-IND, IND-CHN; 1958-07-02..1958-11-01",
1958-07-17,United States; China; ccode 713,ICB v16,crisno 166,TAIWAN STRAIT II; 1958-07-17..1958-10-23; viol 3; forout 3,
1958-07-22,United States; USSR/Russia; China; ccode 713,Dyadic MID 4.03,disno 173,"hihost 5 (war); dyads CHN-TAW, CHN-USA, RUS-TAW, RUS-USA, TAW-CHN, TAW-RUS, USA-CHN, USA-RUS; 1958-07-22..1958-12-19",
1958-08-23,China (side 1); ccode 713 (side 2),COW War v4.0 inter-state,WarNum 159,Taiwan Straits; 2 participants; battle deaths 1800,
1958-09-14,Egypt; Israel,Dyadic MID 4.03,disno 3420,"hihost 4 (use of force); dyads EGY-ISR, ISR-EGY; 1958-09-14..1958-09-18",
1958-11-07,United States; USSR/Russia,Dyadic MID 4.03,disno 2216,"hihost 4 (use of force); dyads RUS-USA, USA-RUS; 1958-11-07..1958-11-07",
1958-11-07,United States; United Kingdom; France; USSR/Russia,Dyadic MID 4.03,disno 608,"hihost 4 (use of force); dyads FRN-RUS, RUS-FRN, RUS-UKG, RUS-USA, UKG-RUS, USA-RUS; 1958-11-07..1959-06-23",
1958-11-10,Egypt; Syria; Israel,Dyadic MID 4.03,disno 3419,"hihost 4 (use of force); dyads EGY-ISR, ISR-EGY, ISR-SYR, SYR-ISR; 1958-11-10..1963-09-08",
1958-11-27,United States; United Kingdom; France; West Germany; ccode 265; USSR/Russia,ICB v16,crisno 168,BERLIN DEADLINE; 1958-11-27..1959-09-15; viol 1; forout 1,
1958-12-28,Mexico; ccode 90,ICB v16,crisno 169,MEX./GUAT. FISHING; 1958-12-28..1959-02-01; viol 2; forout 2,
1959-01-27,USSR/Russia; Japan,Dyadic MID 4.03,disno 2861,"hihost 4 (use of force); dyads JPN-RUS, RUS-JPN; 1959-01-27..1959-08-24",
1959-02-28,USSR/Russia; ccode 840,Dyadic MID 4.03,disno 2863,"hihost 4 (use of force); dyads PHI-RUS, RUS-PHI; 1959-02-28..1959-03-06",
1959-03-06,Iraq; Iraq vs Shammar Tribe & Pro-WesternOfficers,COW War v4.1 intra-state,WarNum 747,Iraq-Shammar; 1959-03-06..1959-03-10,
1959-03-10,Iraq; Egypt,Dyadic MID 4.03,disno 2998,"hihost 4 (use of force); dyads EGY-IRQ, IRQ-EGY; 1959-03-10..1959-03-15",
1959-03-20,China; ccode 713,Dyadic MID 4.03,disno 2859,"hihost 4 (use of force); dyads CHN-TAW, TAW-CHN; 1959-03-20..1959-05-11",
1959-04-10,India; ccode 770,Dyadic MID 4.03,disno 2869,"hihost 4 (use of force); dyads IND-PAK, PAK-IND; 1959-04-10..1959-04-12",
1959-04-23,Egypt; Jordan,Dyadic MID 4.03,disno 3150,"hihost 4 (use of force); dyads EGY-JOR, JOR-EGY; 1959-04-23..1959-04-24",
1959-04-25,ccode 41; ccode 42; ccode 93; Panama,ICB v16,crisno 170,CEN. AMERICA/CUBA I; 1959-04-25..1959-12-28; viol 2; forout 4,
1959-05-21,China; ccode 775,Dyadic MID 4.03,disno 1708,"hihost 4 (use of force); dyads CHN-MYA, MYA-CHN; 1959-05-21..1959-09-07",
1959-05-24,Egypt; Israel,Dyadic MID 4.03,disno 3421,"hihost 4 (use of force); dyads EGY-ISR, ISR-EGY; 1959-05-24..1959-08-20",
1959-06-07,Turkey; Egypt,Dyadic MID 4.03,disno 2996,"hihost 4 (use of force); dyads EGY-TUR, TUR-EGY; 1959-06-07..1959-08-04",
1959-06-23,China; India,Dyadic MID 4.03,disno 203,"hihost 4 (use of force); dyads CHN-IND, IND-CHN; 1959-06-23..1961-10-28",
1959-08-15,Jordan; Israel,Dyadic MID 4.03,disno 3231,"hihost 4 (use of force); dyads ISR-JOR, JOR-ISR; 1959-08-15..1961-08-20",
1959-08-25,China; India,ICB v16,crisno 171,CHINA/INDIA BRD. I; 1959-08-25..1960-04-19; viol 2; forout 2,
1959-09-22,Iran; Iraq,Dyadic MID 4.03,disno 1138,"hihost 4 (use of force); dyads IRN-IRQ, IRQ-IRN; 1959-09-22..1960-01-21",
1959-10-07,Egypt; Israel,Dyadic MID 4.03,disno 3430,"hihost 4 (use of force); dyads EGY-ISR, ISR-EGY; 1959-10-07..1960-08-22",
1959-11-28,Iran; Iraq,ICB v16,crisno 172,SHATT-AL-ARAB I; 1959-11-28..1960-01-04; viol 2; forout 3,
1959-12-15,Egypt; Jordan,Dyadic MID 4.03,disno 2999,"hihost 4 (use of force); dyads EGY-JOR, JOR-EGY; 1959-12-15..1959-12-15",
1959-12-28,USSR/Russia; South Korea,Dyadic MID 4.03,disno 1709,"hihost 4 (use of force); dyads ROK-RUS, RUS-ROK; 1959-12-28..1959-12-28",
1960-01-01,"United States; ccode 817; United States of America vs -8 | Vietnam, Republic of vs NLF",COW War v4.1 intra-state,WarNum 748,Vietnam Phase 1; 1960-01-01..1965-02-06,
1960-01-10,China; South Korea,Dyadic MID 4.03,disno 1710,"hihost 4 (use of force); dyads CHN-ROK, ROK-CHN; 1960-01-10..1960-01-10",
1960-02-15,Egypt; Israel,ICB v16,crisno 173,ROTTEM; 1960-02-15..1960-03-08; viol 1; forout 3,
1960-05-01,United States; USSR/Russia; Norway; Turkey; Japan; ccode 770,Dyadic MID 4.03,disno 253,"hihost 4 (use of force); dyads JPN-RUS, NOR-RUS, PAK-RUS, RUS-JPN, RUS-NOR, RUS-PAK, RUS-TUR, RUS-USA, TUR-RUS, USA-RUS; 1960-05-01..1960-07-18",
1960-06-24,ccode 42; Venezuela,ICB v16,crisno 175,FAILED ASS. VENEZUELA; 1960-06-24..1960-09-28; viol 1; forout 6,
1960-07-06,Egypt; Israel,Dyadic MID 4.03,disno 3422,"hihost 4 (use of force); dyads EGY-ISR, ISR-EGY; 1960-07-06..1960-07-13",
1960-07-16,USSR/Russia; Japan,Dyadic MID 4.03,disno 2873,"hihost 4 (use of force); dyads JPN-RUS, RUS-JPN; 1960-07-16..1960-09-07",
1960-09-26,Egypt; Jordan,Dyadic MID 4.03,disno 3162,"hihost 4 (use of force); dyads EGY-JOR, JOR-EGY; 1960-09-26..1960-09-28",
1960-12-26,Ethiopia,ICB v16,crisno 179,ETHIOPIA/SOMALIA; 1960-12-26..1961-01-01; viol 3; forout 7,
1961-01-01,United States; USSR/Russia; China; ccode 800; ccode 816,Dyadic MID 4.03,disno 1363,"hihost 4 (use of force); dyads CHN-THI, CHN-USA, DRV-THI, DRV-USA, RUS-THI, RUS-USA, THI-CHN, THI-DRV, THI-RUS, USA-CHN, USA-DRV, USA-RUS; 1961-01-01..1961-04-20",
1961-01-01,USSR/Russia; Japan,Dyadic MID 4.03,disno 1799,"hihost 4 (use of force); dyads JPN-RUS, RUS-JPN; 1961-01-01..1961-09-28",
1961-02-12,Egypt; Israel,Dyadic MID 4.03,disno 3406,"hihost 4 (use of force); dyads EGY-ISR, ISR-EGY; 1961-02-12..1961-08-15",
1961-03-09,United States; ccode 800,ICB v16,crisno 180,PATHET LAO OFFENSIVE; 1961-03-09..1961-05-16; viol 1; forout 6,
1961-04-15,United States; ccode 40,ICB v16,crisno 181,BAY OF PIGS; 1961-04-15..1961-04-24; viol 2; forout 4,
1961-06-11,USSR/Russia; Japan,Dyadic MID 4.03,disno 2882,"hihost 4 (use of force); dyads JPN-RUS, RUS-JPN; 1961-06-11..1962-04-27",
1961-06-19,United Kingdom; Iraq; Kuwait,ICB v16,crisno 183,KUWAIT INDEPENDENCE; 1961-06-19..1961-07-13; viol 1; forout 4,
1961-06-25,United Kingdom; ccode 625; Iran; Iraq; Egypt; Jordan; Saudi Arabia; Kuwait,Dyadic MID 4.03,disno 122,"hihost 4 (use of force); dyads EGY-IRQ, IRN-IRQ, IRQ-EGY, IRQ-IRN, IRQ-JOR, IRQ-KUW, IRQ-SAU, IRQ-SUD, IRQ-UKG, JOR-IRQ, KUW-IRQ, SAU-IRQ, SUD-IRQ, UKG-IRQ; 1961-06-25..1962-02-28",
1961-07-17,France; ccode 616,ICB v16,crisno 184,BIZERTA; 1961-07-17..1961-09-28; viol 3; forout 1,
1961-07-25,United States; United Kingdom; France; USSR/Russia,Dyadic MID 4.03,disno 27,"hihost 4 (use of force); dyads FRN-RUS, RUS-FRN, RUS-UKG, RUS-USA, UKG-RUS, USA-RUS; 1961-07-25..1961-10-28",
1961-08-28,United States; United Kingdom; France; West Germany; ccode 265; USSR/Russia,ICB v16,crisno 185,BERLIN WALL; 1961-08-28..1961-10-28; viol 1; forout 3,
1961-09-11,Iraq; Iraq vs Kurds,COW War v4.1 intra-state,WarNum 752,First Iraqi Kurd; 1961-09-11..1963-11-22,
1961-09-18,United States; ccode 817,ICB v16,crisno 186,VIET CONG ATTACK; 1961-09-18..1961-11-15; viol 2; forout 4,
1961-09-26,ccode 210; Indonesia,ICB v16,crisno 187,WEST IRIAN II; 1961-09-26..1962-08-15; viol 2; forout 1,
1961-09-27,Syria; Israel,Dyadic MID 4.03,disno 3434,"hihost 4 (use of force); dyads ISR-SYR, SYR-ISR; 1961-09-27..1966-11-27",
1961-09-28,Egypt,ICB v16,crisno 188,BREAKUP OF UAR; 1961-09-28..1961-10-05; viol 2; forout 4,
1961-11-02,China; India,Dyadic MID 4.03,disno 199,"hihost 5 (war); dyads CHN-IND, IND-CHN; 1961-11-02..1962-12-26",
1962-01-07,United States; China; ccode 713,Dyadic MID 4.03,disno 172,"hihost 4 (use of force); dyads CHN-TAW, CHN-USA, TAW-CHN, USA-CHN; 1962-01-07..1962-12-19",
1962-01-28,United States; USSR/Russia,Dyadic MID 4.03,disno 61,"hihost 4 (use of force); dyads RUS-USA, USA-RUS; 1962-01-28..1962-12-12",
1962-02-24,United States; United Kingdom; USSR/Russia; China; ccode 800,Dyadic MID 4.03,disno 1353,"hihost 4 (use of force); dyads CHN-THI, CHN-UKG, CHN-USA, RUS-THI, RUS-UKG, RUS-USA, THI-CHN, THI-RUS, UKG-CHN, UKG-RUS, USA-CHN, USA-RUS; 1962-02-24..1964-07-28",
1962-03-28,Turkey; Syria,Dyadic MID 4.03,disno 3165,"hihost 4 (use of force); dyads SYR-TUR, TUR-SYR; 1962-03-28..1962-03-28",
1962-04-22,China,ICB v16,crisno 192,TAIWAN STRAIT III; 1962-04-22..1962-06-27; viol 1; forout 4,
1962-05-01,China; India,Dyadic MID 4.03,disno 1466,"hihost 4 (use of force); dyads CHN-IND, IND-CHN; 1962-05-01..1962-10-05",
1962-05-06,United States; ccode 800,ICB v16,crisno 193,NAM THA; 1962-05-06..1962-06-12; viol 1; forout 3,
1962-06-14,Jordan; Israel,Dyadic MID 4.03,disno 1018,"hihost 4 (use of force); dyads ISR-JOR, JOR-ISR; 1962-06-14..1962-07-04",
1962-06-21,USSR/Russia; Japan,Dyadic MID 4.03,disno 2888,"hihost 4 (use of force); dyads JPN-RUS, RUS-JPN; 1962-06-21..1962-09-08",
1962-07-09,Turkey; Iraq,Dyadic MID 4.03,disno 1123,"hihost 4 (use of force); dyads IRQ-TUR, TUR-IRQ; 1962-07-09..1962-08-19",
1962-07-28,Algeria; Algeria vs ALN,COW War v4.1 intra-state,WarNum 753,Algerian Revolutionaries; 1962-07-28..1963-01-15,
1962-08-17,USSR/Russia; Turkey,Dyadic MID 4.03,disno 3163,"hihost 4 (use of force); dyads RUS-TUR, TUR-RUS; 1962-08-17..1962-08-17",
1962-09-08,China; India,ICB v16,crisno 194,CHINA/INDIA BDR. II; 1962-09-08..1963-01-23; viol 4; forout 4,
1962-09-18,India; ccode 770,Dyadic MID 4.03,disno 1310,"hihost 4 (use of force); dyads IND-PAK, PAK-IND; 1962-09-18..1962-11-04",
1962-09-26,Egypt; Jordan; Saudi Arabia; Yemen Arab Republic,ICB v16,crisno 195,YEMEN WAR I; 1962-09-26..1963-04-15; viol 4; forout 1,
1962-10-01,United States; Egypt; Jordan; Saudi Arabia; Yemen Arab Republic,Dyadic MID 4.03,disno 1108,"hihost 4 (use of force); dyads EGY-JOR, EGY-SAU, EGY-USA, JOR-EGY, JOR-YAR, SAU-EGY, SAU-YAR, USA-EGY, USA-YAR, YAR-JOR, YAR-SAU, YAR-USA; 1962-10-01..1963-12-22",
1962-10-16,United States; ccode 40; USSR/Russia,ICB v16,crisno 196,CUBAN MISSILES; 1962-10-16..1962-11-20; viol 2; forout 2,
1962-10-20,India (side 2); China (side 1),COW War v4.0 inter-state,WarNum 160,Assam; 2 participants; battle deaths 1853,
1962-10-22,United Kingdom; Yemen Arab Republic,Dyadic MID 4.03,disno 610,"hihost 4 (use of force); dyads UKG-YAR, YAR-UKG; 1962-10-22..1965-06-28",
1962-10-28,United States; ccode 135,Dyadic MID 4.03,disno 3244,"hihost 4 (use of force); dyads PER-USA, USA-PER; 1962-10-28..1962-11-01",
1962-11-15,Egypt; Yemen Arab Republic; Egypt/United Arab Republic vs -8 | Yemen Arab Republic vs Royalists,COW War v4.1 intra-state,WarNum 755,North Yemen; 1962-11-15..1969-09-03,
1963-01-28,United Kingdom; Yemen Arab Republic,Dyadic MID 4.03,disno 2157,"hihost 4 (use of force); dyads UKG-YAR, YAR-UKG; 1963-01-28..1963-02-27",
1963-02-06,China; ccode 713,Dyadic MID 4.03,disno 2892,"hihost 4 (use of force); dyads CHN-TAW, TAW-CHN; 1963-02-06..1966-01-09",
1963-02-11,Malaysia; Indonesia,ICB v16,crisno 197,MALAYSIA FEDERATION; 1963-02-11..1965-08-09; viol 1; forout 6,
1963-02-13,United Kingdom; Indonesia,Dyadic MID 4.03,disno 1070,"hihost 4 (use of force); dyads INS-UKG, UKG-INS; 1963-02-13..1965-11-14",
1963-03-19,"United States; ccode 812; ccode 816; -8 vs Vietnam, Democratic Rep. | Laos vs Pathet Lao | United States of America vs -8",COW War v4.1 intra-state,WarNum 756,Second Laotian Phase 1; 1963-03-19..1968-01-12,
1963-04-02,United States; USSR/Russia,Dyadic MID 4.03,disno 2218,"hihost 4 (use of force); dyads RUS-USA, USA-RUS; 1963-04-02..1963-04-02",
1963-05-28,United States; Ecuador,Dyadic MID 4.03,disno 1803,"hihost 4 (use of force); dyads ECU-USA, USA-ECU; 1963-05-28..1963-06-14",
1963-06-01,Somalia; Ethiopia; -8 vs Somalia | Ethiopia vs Ogaden,COW War v4.1 intra-state,WarNum 757,First Ogaden; 1963-06-01..1964-03-28,
1963-07-01,India; ccode 770,Dyadic MID 4.03,disno 1317,"hihost 4 (use of force); dyads IND-PAK, PAK-IND; 1963-07-01..1963-08-28",
1963-07-23,Egypt; Israel,Dyadic MID 4.03,disno 3377,"hihost 4 (use of force); dyads EGY-ISR, ISR-EGY; 1963-07-23..1963-07-23",
1963-08-19,Syria; Lebanon,Dyadic MID 4.03,disno 3166,"hihost 4 (use of force); dyads LEB-SYR, SYR-LEB; 1963-08-19..1963-11-08",
1963-08-25,Jordan; Israel,Dyadic MID 4.03,disno 1019,"hihost 4 (use of force); dyads ISR-JOR, JOR-ISR; 1963-08-25..1965-09-05",
1963-10-01,ccode 600; Algeria,ICB v16,crisno 199,ALGERIA/MOROCCO BDR.; 1963-10-01..1963-11-04; viol 3; forout 1,
1963-11-01,Venezuela,ICB v16,crisno 200,CUBA/VENEZUELA; 1963-11-01..1963-12-01; viol 1; forout 6,
1963-11-17,Japan; Indonesia,Dyadic MID 4.03,disno 2894,"hihost 4 (use of force); dyads INS-JPN, JPN-INS; 1963-11-17..1963-11-17",
1963-11-21,USSR/Russia; Iran,Dyadic MID 4.03,disno 2897,"hihost 4 (use of force); dyads IRN-RUS, RUS-IRN; 1963-11-21..1963-11-21",
1963-11-28,ccode 350; ccode 352; Turkey,ICB v16,crisno 202,CYPRUS I; 1963-11-28..1964-08-10; viol 3; forout 1,
1963-12-11,Egypt; Syria; Lebanon; Jordan; Israel,ICB v16,crisno 203,JORDAN WATERS; 1963-12-11..1964-05-05; viol 1; forout 4,
1964-01-09,United States; Panama,ICB v16,crisno 206,PANAMA FLAG; 1964-01-09..1964-01-12; viol 2; forout 5,
1964-01-19,United Kingdom,ICB v16,crisno 207,E. AFRICA REBELLIONS; 1964-01-19..1964-01-28; viol 2; forout 4,
1964-01-28,United States; USSR/Russia,Dyadic MID 4.03,disno 2220,"hihost 4 (use of force); dyads RUS-USA, USA-RUS; 1964-01-28..1964-03-27",
1964-02-07,Somalia; Ethiopia,ICB v16,crisno 208,OGADEN I; 1964-02-07..1964-03-28; viol 3; forout 1,
1964-02-18,France; Gabon,Dyadic MID 4.03,disno 92,"hihost 4 (use of force); dyads FRN-GAB, GAB-FRN; 1964-02-18..1964-02-28",
1964-02-23,United States; USSR/Russia; China; South Korea; ccode 800; ccode 816; ccode 840,Dyadic MID 4.03,disno 611,"hihost 5 (war); dyads CHN-PHI, CHN-ROK, CHN-THI, CHN-USA, DRV-PHI, DRV-ROK, DRV-THI, DRV-USA, PHI-CHN, PHI-DRV, ROK-CHN, ROK-DRV, ROK-RUS, RUS-ROK, RUS-USA, THI-CHN, THI-DRV, USA-CHN, USA-DRV, USA-RUS; 1964-02-23..1973-04-17",
1964-04-07,China; India,Dyadic MID 4.03,disno 623,"hihost 4 (use of force); dyads CHN-IND, IND-CHN; 1964-04-07..1966-11-28",
1964-04-22,Egypt; Israel,Dyadic MID 4.03,disno 3378,"hihost 4 (use of force); dyads EGY-ISR, ISR-EGY; 1964-04-22..1965-03-03",
1964-05-28,Egypt; Saudi Arabia; Yemen Arab Republic,ICB v16,crisno 209,YEMEN WAR II; 1964-05-28..1964-11-08; viol 4; forout 1,
1964-07-17,United States; USSR/Russia,Dyadic MID 4.03,disno 2901,"hihost 4 (use of force); dyads RUS-USA, USA-RUS; 1964-07-17..1964-07-17",
1964-07-25,ccode 155; Argentina,Dyadic MID 4.03,disno 2080,"hihost 4 (use of force); dyads ARG-CHL, CHL-ARG; 1964-07-25..1964-07-28",
1964-07-28,United States; ccode 816,ICB v16,crisno 210,GULF OF TONKIN; 1964-07-28..1964-08-28; viol 2; forout 4,
1964-08-01,India; ccode 770,Dyadic MID 4.03,disno 1312,"hihost 5 (war); dyads IND-PAK, PAK-IND; 1964-08-01..1966-01-25",
1964-08-04,United States; ccode 211; USSR/Russia; ccode 490,ICB v16,crisno 211,CONGO II; 1964-08-04..1964-12-28; viol 3; forout 4,
1964-12-03,Egypt; Saudi Arabia; Yemen Arab Republic,ICB v16,crisno 212,YEMEN WAR III; 1964-12-03..1965-08-25; viol 4; forout 1,
1964-12-19,United States; Egypt,Dyadic MID 4.03,disno 2906,"hihost 4 (use of force); dyads EGY-USA, USA-EGY; 1964-12-19..1964-12-19",
1965-01-01,India; ccode 770,Dyadic MID 4.03,disno 2631,"hihost 4 (use of force); dyads IND-PAK, PAK-IND; 1965-01-01..1965-06-28",
1965-01-11,Japan; Indonesia,Dyadic MID 4.03,disno 2914,"hihost 4 (use of force); dyads INS-JPN, JPN-INS; 1965-01-11..1965-01-14",
1965-02-07,United States (side 2); ccode 811 (side 2); South Korea (side 2); ccode 840 (side 2); ccode 817 (side 2); ccode 816 (side 1); ccode 800 (side 2); ccode 900 (side 2),COW War v4.0 inter-state,WarNum 163,"Vietnam War, Phase 2; 8 participants; battle deaths 1021442",
1965-02-07,United States; ccode 816; ccode 817,ICB v16,crisno 213,PLEIKU; 1965-02-07..1965-03-28; viol 3; forout 4,
1965-04-03,Iraq; Iraq vs Kurds,COW War v4.1 intra-state,WarNum 765,Second Iraqi Kurds; 1965-04-03..1966-06-21,
1965-04-06,Egypt; Saudi Arabia; Yemen Arab Republic,Dyadic MID 4.03,disno 2360,"hihost 4 (use of force); dyads EGY-SAU, SAU-EGY, SAU-YAR, YAR-SAU; 1965-04-06..1965-08-24",
1965-04-08,India; ccode 770,ICB v16,crisno 214,RANN OF KUTCH; 1965-04-08..1965-06-28; viol 3; forout 1,
1965-04-09,United States; China,Dyadic MID 4.03,disno 2929,"hihost 4 (use of force); dyads CHN-USA, USA-CHN; 1965-04-09..1967-11-23",
1965-04-24,United States,ICB v16,crisno 215,DOMINICAN INTERVENTN.; 1965-04-24..1965-08-28; viol 2; forout 1,
1965-04-25,United States; ccode 42; Dominican Republic vs Leftists | United States of America vs -8,COW War v4.1 intra-state,WarNum 766,Dominican Republic; 1965-04-25..1965-09-06,
1965-05-27,Turkey; Syria,Dyadic MID 4.03,disno 3168,"hihost 4 (use of force); dyads SYR-TUR, TUR-SYR; 1965-05-27..1965-05-27",
1965-07-26,"Indonesia; Indonesia vs OPM, West Papua",COW War v4.1 intra-state,WarNum 767,First West Papua; 1965-07-26..1969-07-17,
1965-07-28,Turkey; Iraq,Dyadic MID 4.03,disno 3169,"hihost 4 (use of force); dyads IRQ-TUR, TUR-IRQ; 1965-07-28..1965-07-28",
1965-08-05,India (side 2); ccode 770 (side 1),COW War v4.0 inter-state,WarNum 166,Second Kashmir; 2 participants; battle deaths 7061,
1965-08-05,India; ccode 770,ICB v16,crisno 216,KASHMIR II; 1965-08-05..1966-01-10; viol 4; forout 2,
1965-10-28,Lebanon; Israel,Dyadic MID 4.03,disno 1017,"hihost 4 (use of force); dyads ISR-LEB, LEB-ISR; 1965-10-28..1965-10-28",
1965-11-06,ccode 155; Argentina,Dyadic MID 4.03,disno 1608,"hihost 4 (use of force); dyads ARG-CHL, CHL-ARG; 1965-11-06..1965-12-11",
1965-12-18,Iran; Iraq,Dyadic MID 4.03,disno 2106,"hihost 4 (use of force); dyads IRN-IRQ, IRQ-IRN; 1965-12-18..1966-01-12",
1965-12-28,United States; China; ccode 800,Dyadic MID 4.03,disno 1216,"hihost 4 (use of force); dyads CHN-THI, CHN-USA, THI-CHN, USA-CHN; 1965-12-28..1966-05-28",
1966-01-22,China; South Korea,Dyadic MID 4.03,disno 2920,"hihost 4 (use of force); dyads CHN-ROK, ROK-CHN; 1966-01-22..1966-01-22",
1966-02-18,Egypt; Israel,Dyadic MID 4.03,disno 3379,"hihost 4 (use of force); dyads EGY-ISR, ISR-EGY; 1966-02-18..1966-11-28",
1966-02-24,Syria; Jordan,Dyadic MID 4.03,disno 3171,"hihost 4 (use of force); dyads JOR-SYR, SYR-JOR; 1966-02-24..1966-12-28",
1966-03-14,South Korea; Japan,Dyadic MID 4.03,disno 2919,"hihost 4 (use of force); dyads JPN-ROK, ROK-JPN; 1966-03-14..1966-03-14",
1966-04-25,United Kingdom; Indonesia,Dyadic MID 4.03,disno 2918,"hihost 4 (use of force); dyads INS-UKG, UKG-INS; 1966-04-25..1966-04-25",
1966-05-01,Egypt; Saudi Arabia; Yemen Arab Republic,Dyadic MID 4.03,disno 1109,"hihost 4 (use of force); dyads EGY-SAU, SAU-EGY, SAU-YAR, YAR-SAU; 1966-05-01..1967-05-14",
1966-05-23,Iran; Iraq,Dyadic MID 4.03,disno 2107,"hihost 4 (use of force); dyads IRN-IRQ, IRQ-IRN; 1966-05-23..1966-05-23",
1966-07-15,United States; USSR/Russia,Dyadic MID 4.03,disno 2921,"hihost 4 (use of force); dyads RUS-USA, USA-RUS; 1966-07-15..1966-07-15",
1966-09-17,Egypt; Syria; Jordan; Israel,Dyadic MID 4.03,disno 3412,"hihost 4 (use of force); dyads EGY-ISR, ISR-EGY, ISR-JOR, ISR-SYR, JOR-ISR, SYR-ISR; 1966-09-17..1966-11-27",
1966-10-01,United States; ccode 90; Guatemala vs Leftists | United States vs -8,COW War v4.1 intra-state,WarNum 770,First Guatemala; 1966-10-01..1968-08-01,
1966-10-02,USSR/Russia; China,Dyadic MID 4.03,disno 343,"hihost 4 (use of force); dyads CHN-RUS, RUS-CHN; 1966-10-02..1968-06-07",
1966-10-14,Egypt; Saudi Arabia; Yemen Arab Republic,ICB v16,crisno 219,YEMEN WAR IV; 1966-10-14..1967-09-26; viol 4; forout 1,
1966-10-17,China; ccode 713,Dyadic MID 4.03,disno 2891,"hihost 4 (use of force); dyads CHN-TAW, TAW-CHN; 1966-10-17..1966-10-17",
1966-11-01,France; ccode 483; Chad vs Frolinat Rebels | France vs -8,COW War v4.1 intra-state,WarNum 771,First Chad (FROLINAT) Rebellion; 1966-11-01..1971-06-16,
1966-11-12,Jordan; Israel,ICB v16,crisno 220,EL SAMU; 1966-11-12..1966-11-15; viol 3; forout 4,
1966-12-16,Iraq; Egypt; Syria; Jordan; Israel; Saudi Arabia; Kuwait,Dyadic MID 4.03,disno 1035,"hihost 5 (war); dyads EGY-ISR, IRQ-ISR, ISR-EGY, ISR-IRQ, ISR-JOR, ISR-KUW, ISR-SAU, ISR-SYR, JOR-ISR, KUW-ISR, SAU-ISR, SYR-ISR; 1966-12-16..1967-06-10",
1966-12-28,United Kingdom; Yemen Arab Republic,Dyadic MID 4.03,disno 2155,"hihost 4 (use of force); dyads UKG-YAR, YAR-UKG; 1966-12-28..1967-04-22",
1967-01-09,United States; Ecuador,Dyadic MID 4.03,disno 1805,"hihost 4 (use of force); dyads ECU-USA, USA-ECU; 1967-01-09..1967-02-28",
1967-03-02,United States; USSR/Russia,Dyadic MID 4.03,disno 2934,"hihost 4 (use of force); dyads RUS-USA, USA-RUS; 1967-03-02..1967-03-22",
1967-04-28,United Kingdom; USSR/Russia,Dyadic MID 4.03,disno 2933,"hihost 4 (use of force); dyads RUS-UKG, UKG-RUS; 1967-04-28..1967-04-28",
1967-05-10,United States; USSR/Russia; South Korea; Japan,Dyadic MID 4.03,disno 2930,"hihost 4 (use of force); dyads JPN-RUS, ROK-RUS, RUS-JPN, RUS-ROK, RUS-USA, USA-RUS; 1967-05-10..1967-05-17",
1967-05-17,United States; USSR/Russia; Egypt; Syria; Jordan; Israel,ICB v16,crisno 222,SIX DAY WAR; 1967-05-17..1967-06-11; viol 4; forout 5,
1967-05-18,China; India,Dyadic MID 4.03,disno 1715,"hihost 4 (use of force); dyads CHN-IND, IND-CHN; 1967-05-18..1967-10-10",
1967-06-05,Israel (side 1); Egypt (side 2); Jordan (side 2); Syria (side 2),COW War v4.0 inter-state,WarNum 169,Six Day War; 4 participants; battle deaths 19600,
1967-06-15,Syria; Israel,Dyadic MID 4.03,disno 3446,"hihost 4 (use of force); dyads ISR-SYR, SYR-ISR; 1967-06-15..1967-11-27",
1967-06-26,USSR/Russia; Egypt; Israel,Dyadic MID 4.03,disno 1480,"hihost 5 (war); dyads EGY-ISR, ISR-EGY, ISR-RUS, RUS-ISR; 1967-06-26..1970-08-07",
1967-07-06,Nigeria; Nigeria vs Biafrans,COW War v4.1 intra-state,WarNum 775,Biafra; 1967-07-06..1970-01-12,
1967-07-15,Jordan; Israel,Dyadic MID 4.03,disno 1067,"hihost 4 (use of force); dyads ISR-JOR, JOR-ISR; 1967-07-15..1970-08-07",
1967-07-17,China; India,Dyadic MID 4.03,disno 2097,"hihost 4 (use of force); dyads CHN-IND, IND-CHN; 1967-07-17..1967-07-22",
1967-08-10,USSR/Russia; China,Dyadic MID 4.03,disno 2710,"hihost 4 (use of force); dyads CHN-RUS, RUS-CHN; 1967-08-10..1967-08-17",
1967-08-18,ccode 155; Argentina,Dyadic MID 4.03,disno 1609,"hihost 4 (use of force); dyads ARG-CHL, CHL-ARG; 1967-08-18..1968-05-07",
1967-09-05,China; China vs Red Guard,COW War v4.1 intra-state,WarNum 776,Cultural Revolution Phase 2; 1967-09-05..1968-09-01,
1967-09-08,China; ccode 713,Dyadic MID 4.03,disno 2935,"hihost 4 (use of force); dyads CHN-TAW, TAW-CHN; 1967-09-08..1967-09-08",
1967-10-09,India; ccode 770,Dyadic MID 4.03,disno 1343,"hihost 4 (use of force); dyads IND-PAK, PAK-IND; 1967-10-09..1967-10-10",
1967-11-15,ccode 350; ccode 352; Turkey,ICB v16,crisno 223,CYPRUS II; 1967-11-15..1967-12-04; viol 2; forout 1,
1968-01-13,United States (side 2); ccode 800 (side 2); ccode 812 (side 2); ccode 816 (side 1),COW War v4.0 inter-state,WarNum 170,"Second Laotian, Phase 2; 4 participants; battle deaths 13875",
1968-01-21,United States; ccode 731; South Korea,ICB v16,crisno 224,PUEBLO; 1968-01-21..1968-12-23; viol 2; forout 5,
1968-01-28,United States; ccode 817,ICB v16,crisno 225,TET OFFENSIVE; 1968-01-28..1968-03-28; viol 4; forout 4,
1968-03-18,Jordan; Israel,ICB v16,crisno 226,KARAMEH; 1968-03-18..1968-03-22; viol 3; forout 4,
1968-04-09,ccode 265; ccode 290; ccode 310; ccode 315; ccode 355; USSR/Russia,ICB v16,crisno 227,PRAGUE SPRING; 1968-04-09..1968-10-18; viol 2; forout 5,
1968-05-04,Brazil; USSR/Russia,Dyadic MID 4.03,disno 2923,"hihost 4 (use of force); dyads BRA-RUS, RUS-BRA; 1968-05-04..1968-05-18",
1968-05-12,Lebanon; Israel,Dyadic MID 4.03,disno 1051,"hihost 4 (use of force); dyads ISR-LEB, LEB-ISR; 1968-05-12..1968-06-15",
1968-06-17,Venezuela; USSR/Russia,Dyadic MID 4.03,disno 2922,"hihost 4 (use of force); dyads RUS-VEN, VEN-RUS; 1968-06-17..1968-06-17",
1968-06-22,Argentina; USSR/Russia,Dyadic MID 4.03,disno 2927,"hihost 4 (use of force); dyads ARG-RUS, RUS-ARG; 1968-06-22..1968-06-22",
1968-06-28,United Kingdom; China,Dyadic MID 4.03,disno 2926,"hihost 4 (use of force); dyads CHN-UKG, UKG-CHN; 1968-06-28..1968-11-17",
1968-07-23,Algeria; Israel,Dyadic MID 4.03,disno 1069,"hihost 4 (use of force); dyads ALG-ISR, ISR-ALG; 1968-07-23..1968-09-01",
1968-09-03,Syria; Israel,Dyadic MID 4.03,disno 3447,"hihost 4 (use of force); dyads ISR-SYR, SYR-ISR; 1968-09-03..1971-10-17",
1968-09-28,USSR/Russia; Japan,Dyadic MID 4.03,disno 2925,"hihost 4 (use of force); dyads JPN-RUS, RUS-JPN; 1968-09-28..1968-11-08",
1968-12-28,Lebanon,ICB v16,crisno 229,BEIRUT AIRPORT; 1968-12-28..1969-01-01; viol 2; forout 6,
1969-01-01,China; ccode 775,Dyadic MID 4.03,disno 352,"hihost 4 (use of force); dyads CHN-MYA, MYA-CHN; 1969-01-01..1969-11-07",
1969-01-03,Iraq; Iraq vs Kurds,COW War v4.1 intra-state,WarNum 777,Third Iraqi Kurds; 1969-01-03..1970-03-11,
1969-02-14,United States; ccode 135,Dyadic MID 4.03,disno 350,"hihost 4 (use of force); dyads PER-USA, USA-PER; 1969-02-14..1969-05-17",
1969-02-22,United States; ccode 817,ICB v16,crisno 230,VIETNAM SPRING OFF.; 1969-02-22..1969-06-08; viol 3; forout 4,
1969-03-01,India; ccode 770,Dyadic MID 4.03,disno 2633,"hihost 4 (use of force); dyads IND-PAK, PAK-IND; 1969-03-01..1969-03-28",
1969-03-02,USSR/Russia; China,Dyadic MID 4.03,disno 349,"hihost 4 (use of force); dyads CHN-RUS, RUS-CHN; 1969-03-02..1969-10-20",
1969-03-02,USSR/Russia; China,ICB v16,crisno 231,USSURI RIVER; 1969-03-02..1969-10-20; viol 3; forout 2,
1969-03-06,Egypt (side 2); Israel (side 1),COW War v4.0 inter-state,WarNum 172,War of Attrition; 2 participants; battle deaths 5368,
1969-03-08,USSR/Russia; Egypt; Israel,ICB v16,crisno 232,WAR OF ATTRITION; 1969-03-08..1970-08-07; viol 4; forout 1,
1969-04-06,Iran; Iraq,Dyadic MID 4.03,disno 1136,"hihost 4 (use of force); dyads IRN-IRQ, IRQ-IRN; 1969-04-06..1969-06-13",
1969-04-15,United States,ICB v16,crisno 233,EC-121 SPY PLANE; 1969-04-15..1969-04-26; viol 2; forout 4,
1969-04-15,Iran; Iraq,ICB v16,crisno 234,SHATT-AL-ARAB II; 1969-04-15..1969-10-28; viol 1; forout 2,
1969-05-01,Syria; Lebanon,Dyadic MID 4.03,disno 3173,"hihost 4 (use of force); dyads LEB-SYR, SYR-LEB; 1969-05-01..1969-11-13",
1969-08-09,USSR/Russia; Japan,Dyadic MID 4.03,disno 2937,"hihost 4 (use of force); dyads JPN-RUS, RUS-JPN; 1969-08-09..1969-09-03",
1969-08-12,India; ccode 770,Dyadic MID 4.03,disno 2634,"hihost 4 (use of force); dyads IND-PAK, PAK-IND; 1969-08-12..1970-03-17",
1969-09-14,Iran; Iraq,Dyadic MID 4.03,disno 2108,"hihost 4 (use of force); dyads IRN-IRQ, IRQ-IRN; 1969-09-14..1969-09-14",
1969-09-19,United States; China,Dyadic MID 4.03,disno 2936,"hihost 4 (use of force); dyads CHN-USA, USA-CHN; 1969-09-19..1969-10-04",
1969-10-22,Lebanon,ICB v16,crisno 236,CAIRO AGREEMENT-PLO; 1969-10-22..1969-11-03; viol 3; forout 5,
1969-11-05,Saudi Arabia; Yemen Arab Republic,Dyadic MID 4.03,disno 2373,"hihost 4 (use of force); dyads SAU-YAR, YAR-SAU; 1969-11-05..1970-01-13",
1969-12-20,India; ccode 770,Dyadic MID 4.03,disno 2635,"hihost 4 (use of force); dyads IND-PAK, PAK-IND; 1969-12-20..1969-12-21",
1970-01-20,Iran; Iraq,Dyadic MID 4.03,disno 2109,"hihost 4 (use of force); dyads IRN-IRQ, IRQ-IRN; 1970-01-20..1970-02-05",
1970-02-01,India; India vs Naxalite Marxists,COW War v4.1 intra-state,WarNum 778,Naxalite Rebellion; 1970-02-01..1971-11-01,
1970-03-13,United States; ccode 811; ccode 816; ccode 817,ICB v16,crisno 237,INVASION OF CAMBODIA; 1970-03-13..1970-07-22; viol 4; forout 4,
1970-03-23,ccode 816 (side 1); United States (side 2); ccode 811 (side 2); ccode 817 (side 2),COW War v4.0 inter-state,WarNum 176,Communist Coalition; 4 participants; battle deaths 6525,
1970-06-11,United States; United Kingdom; USSR/Russia; Iraq; Syria; Jordan; Israel,Dyadic MID 4.03,disno 1039,"hihost 4 (use of force); dyads IRQ-JOR, IRQ-USA, ISR-SYR, JOR-IRQ, JOR-SYR, RUS-UKG, RUS-USA, SYR-ISR, SYR-JOR, SYR-USA, UKG-RUS, USA-IRQ, USA-RUS, USA-SYR; 1970-06-11..1970-09-26",
1970-08-08,Egypt; Israel,Dyadic MID 4.03,disno 3387,"hihost 4 (use of force); dyads EGY-ISR, ISR-EGY; 1970-08-08..1971-10-17",
1970-08-15,Algeria; Israel,Dyadic MID 4.03,disno 1068,"hihost 4 (use of force); dyads ALG-ISR, ISR-ALG; 1970-08-15..1970-10-14",
1970-09-13,Syria; Jordan; -8 vs Syria | Jordan vs Palestinians,COW War v4.1 intra-state,WarNum 780,Black September; 1970-09-13..1970-09-24,
1970-09-15,United States; Syria; Jordan; Israel,ICB v16,crisno 238,BLACK SEPTEMBER; 1970-09-15..1970-09-28; viol 4; forout 5,
1970-09-16,United States,ICB v16,crisno 239,CIENFUEGOS SUB. BASE; 1970-09-16..1970-10-23; viol 1; forout 4,
1970-10-21,United States; USSR/Russia,Dyadic MID 4.03,disno 2221,"hihost 4 (use of force); dyads RUS-USA, USA-RUS; 1970-10-21..1970-11-10",
1971-01-11,United States; Ecuador,Dyadic MID 4.03,disno 1158,"hihost 4 (use of force); dyads ECU-USA, USA-ECU; 1971-01-11..1971-01-16",
1971-03-25,India; ccode 770; ccode 771,ICB v16,crisno 242,BANGLADESH; 1971-03-25..1971-12-17; viol 4; forout 5,
1971-04-07,India; ccode 770,Dyadic MID 4.03,disno 1447,"hihost 5 (war); dyads IND-PAK, PAK-IND; 1971-04-07..1971-12-16",
1971-04-14,Iran; Iraq,Dyadic MID 4.03,disno 2110,"hihost 4 (use of force); dyads IRN-IRQ, IRQ-IRN; 1971-04-14..1971-05-28",
1971-05-24,ccode 483; Libya,ICB v16,crisno 243,CHAD/LIBYA I; 1971-05-24..1972-04-17; viol 1; forout 4,
1971-07-03,United States; ccode 811; Cambodia vs Khmer Rouge | United States of America vs -8,COW War v4.1 intra-state,WarNum 785,Khmer Rouge; 1971-07-03..1975-04-17,
1971-07-20,Syria; Jordan,Dyadic MID 4.03,disno 1081,"hihost 4 (use of force); dyads JOR-SYR, SYR-JOR; 1971-07-20..1971-08-13",
1971-10-18,Iraq; Egypt; Syria; Jordan; Israel; Saudi Arabia,Dyadic MID 4.03,disno 1046,"hihost 5 (war); dyads EGY-ISR, IRQ-ISR, ISR-EGY, ISR-IRQ, ISR-JOR, ISR-SAU, ISR-SYR, JOR-ISR, SAU-ISR, SYR-ISR; 1971-10-18..1973-10-24",
1971-11-28,Iran; Iraq,Dyadic MID 4.03,disno 1135,"hihost 4 (use of force); dyads IRN-IRQ, IRQ-IRN; 1971-11-28..1972-06-03",
1971-12-03,India (side 1); ccode 770 (side 2),COW War v4.0 inter-state,WarNum 178,Bangladesh; 2 participants; battle deaths 11223,
1972-01-17,United States; USSR/Russia,Dyadic MID 4.03,disno 2949,"hihost 4 (use of force); dyads RUS-USA, USA-RUS; 1972-01-17..1972-01-22",
1972-03-28,United States; ccode 816; ccode 817,ICB v16,crisno 246,VIETNAM PORTS MINING; 1972-03-28..1972-07-19; viol 4; forout 2,
1972-05-05,India; ccode 770,Dyadic MID 4.03,disno 2638,"hihost 4 (use of force); dyads IND-PAK, PAK-IND; 1972-05-05..1972-05-05",
1972-08-22,United States; China,Dyadic MID 4.03,disno 2948,"hihost 4 (use of force); dyads CHN-USA, USA-CHN; 1972-08-22..1972-08-22",
1972-09-20,Libya; ccode 625,Dyadic MID 4.03,disno 2138,"hihost 4 (use of force); dyads LIB-SUD, SUD-LIB; 1972-09-20..1972-09-22",
1972-09-26,Yemen Arab Republic; Yemen People's Republic,ICB v16,crisno 248,NORTH/SOUTH YEMEN I; 1972-09-26..1972-11-28; viol 4; forout 1,
1972-10-23,United States; ccode 816; ccode 817,ICB v16,crisno 249,CHRISTMAS BOMBING; 1972-10-23..1973-01-27; viol 4; forout 1,
1972-11-12,United States; Ecuador,Dyadic MID 4.03,disno 602,"hihost 4 (use of force); dyads ECU-USA, USA-ECU; 1972-11-12..1972-11-22",
1972-12-21,Iraq; Saudi Arabia; Kuwait,Dyadic MID 4.03,disno 1612,"hihost 4 (use of force); dyads IRQ-KUW, IRQ-SAU, KUW-IRQ, SAU-IRQ; 1972-12-21..1973-04-08",
1973-01-02,Iran; Iraq,Dyadic MID 4.03,disno 2112,"hihost 4 (use of force); dyads IRN-IRQ, IRQ-IRN; 1973-01-02..1975-03-13",
1973-02-10,Iraq; ccode 770,Dyadic MID 4.03,disno 1200,"hihost 4 (use of force); dyads IRQ-PAK, PAK-IRQ; 1973-02-10..1973-02-10",
1973-02-21,Libya; Israel,Dyadic MID 4.03,disno 1043,"hihost 4 (use of force); dyads ISR-LIB, LIB-ISR; 1973-02-21..1973-02-21",
1973-02-21,Israel,ICB v16,crisno 251,LIBYAN PLANE; 1973-02-21..1973-02-21; viol 3; forout 4,
1973-03-20,Kuwait,ICB v16,crisno 252,IRAQ INVASION/KUWAIT; 1973-03-20..1973-06-08; viol 2; forout 1,
1973-03-21,United States; Libya,Dyadic MID 4.03,disno 2950,"hihost 4 (use of force); dyads LIB-USA, USA-LIB; 1973-03-21..1973-03-21",
1973-04-10,Israel,ICB v16,crisno 253,ISRAEL MOBILIZATION; 1973-04-10..1973-06-28; viol 1; forout 4,
1973-05-14,United Kingdom; ccode 395,ICB v16,crisno 254,COD WAR I; 1973-05-14..1973-11-13; viol 2; forout 1,
1973-10-01,United Kingdom; Iran; Oman; Iran vs -8 | Oman vs PFLOAG | United Kingdom vs -8,COW War v4.1 intra-state,WarNum 795,Dhofar Rebellion Phase 2; 1973-10-01..1975-12-11,
1973-10-05,United States; USSR/Russia; Egypt; Syria; Israel,ICB v16,crisno 255,OCTOBER-YOM KIPPUR WAR; 1973-10-05..1974-05-28; viol 4; forout 1,
1973-10-06,Egypt (side 2); Saudi Arabia (side 2); Israel (side 1); Jordan (side 2); Syria (side 2); Iraq (side 2),COW War v4.0 inter-state,WarNum 181,Yom Kippur War; 6 participants; battle deaths 14439,
1973-10-25,Egypt; Israel,Dyadic MID 4.03,disno 3380,"hihost 4 (use of force); dyads EGY-ISR, ISR-EGY; 1973-10-25..1975-07-25",
1973-11-07,Syria; Israel,Dyadic MID 4.03,disno 3437,"hihost 4 (use of force); dyads ISR-SYR, SYR-ISR; 1973-11-07..1974-05-28",
1973-11-18,Oman,ICB v16,crisno 256,OMAN/SOUTH YEMEN; 1973-11-18..1976-03-11; viol 3; forout 1,
1974-03-14,USSR/Russia; China,Dyadic MID 4.03,disno 364,"hihost 4 (use of force); dyads CHN-RUS, RUS-CHN; 1974-03-14..1974-09-14",
1974-03-18,Iran; Iraq; -8 vs Iran | Iraq vs Kurds,COW War v4.1 intra-state,WarNum 797,Fourth Iraqi Kurds; 1974-03-18..1975-04-03,
1974-04-12,Egypt; Lebanon; Israel,Dyadic MID 4.03,disno 1061,"hihost 4 (use of force); dyads EGY-ISR, ISR-EGY, ISR-LEB, LEB-ISR; 1974-04-12..1975-12-05",
1974-06-08,Syria; Israel,Dyadic MID 4.03,disno 3438,"hihost 4 (use of force); dyads ISR-SYR, SYR-ISR; 1974-06-08..1975-10-20",
1974-07-15,ccode 350; ccode 352; Turkey,ICB v16,crisno 257,CYPRUS III; 1974-07-15..1975-02-24; viol 4; forout 4,
1974-07-20,Turkey (side 1); ccode 352 (side 2),COW War v4.0 inter-state,WarNum 184,Turco-Cypriot; 2 participants; battle deaths 1500,
1974-12-01,USSR/Russia; China,Dyadic MID 4.03,disno 2713,"hihost 4 (use of force); dyads CHN-RUS, RUS-CHN; 1974-12-01..1974-12-28",
1975-01-28,ccode 40; Ethiopia; Cuba vs -8 | Ethiopia vs Eritrean Peo. Lib.,COW War v4.1 intra-state,WarNum 798,Eritrean War; 1975-01-28..1978-12-01,
1975-02-01,"Argentina; Argentina vs Montoneros, ERP",COW War v4.1 intra-state,WarNum 800,Argentine Leftists; 1975-02-01..1977-03-01,
1975-03-07,Iraq; Kuwait,Dyadic MID 4.03,disno 1613,"hihost 4 (use of force); dyads IRQ-KUW, KUW-IRQ; 1975-03-07..1975-06-05",
1975-04-13,Syria; Lebanon; Maronite militias vs Lebanese National Movement | Syria vs -8,COW War v4.1 intra-state,WarNum 801,Second Lebanese; 1975-04-13..1976-11-15,
1975-05-12,United States; ccode 811,ICB v16,crisno 259,MAYAGUEZ; 1975-05-12..1975-05-15; viol 3; forout 4,
1975-07-12,United States; ccode 40; USSR/Russia; ccode 490; Angola; ccode 551; ccode 560,ICB v16,crisno 260,WAR IN ANGOLA; 1975-07-12..1976-03-27; viol 4; forout 4,
1975-08-04,Libya; Egypt,Dyadic MID 4.03,disno 3175,"hihost 4 (use of force); dyads EGY-LIB, LIB-EGY; 1975-08-04..1975-10-12",
1975-10-16,ccode 230; ccode 435; ccode 600; Algeria,ICB v16,crisno 261,MOROCCAN MARCH; 1975-10-16..1976-04-14; viol 3; forout 6,
1975-10-20,China; India,Dyadic MID 4.03,disno 358,"hihost 4 (use of force); dyads CHN-IND, IND-CHN; 1975-10-20..1975-10-20",
1975-10-23,ccode 40 (side 1); ccode 560 (side 2); ccode 490 (side 2); Angola (side 1),COW War v4.0 inter-state,WarNum 186,War over Angola; 4 participants; battle deaths 2700,
1975-11-01,United Kingdom,ICB v16,crisno 262,BELIZE I; 1975-11-01..1975-11-28; viol 1; forout 2,
1975-11-11,ccode 490; Angola; ccode 560,Dyadic MID 4.03,disno 1441,"hihost 5 (war); dyads ANG-DRC, ANG-SAF, DRC-ANG, SAF-ANG; 1975-11-11..1988-08-28",
1975-11-23,United Kingdom; ccode 395,ICB v16,crisno 263,COD WAR II; 1975-11-23..1976-06-01; viol 2; forout 1,
1975-11-26,Syria; Israel,Dyadic MID 4.03,disno 3439,"hihost 4 (use of force); dyads ISR-SYR, SYR-ISR; 1975-11-26..1977-09-23",
1975-11-28,Indonesia,ICB v16,crisno 264,EAST TIMOR I; 1975-11-28..1976-07-17; viol 3; forout 4,
1976-01-01,"Indonesia; Indonesia vs OPR, West Papua",COW War v4.1 intra-state,WarNum 802,Second West Papua; 1976-01-01..1978-04-14,
1976-01-18,Syria,ICB v16,crisno 265,LEB. CIVIL WAR; 1976-01-18..1976-11-15; viol 3; forout 4,
1976-02-04,Argentina; United Kingdom,Dyadic MID 4.03,disno 363,"hihost 4 (use of force); dyads ARG-UKG, UKG-ARG; 1976-02-04..1976-02-11",
1976-02-13,ccode 40; Angola; ccode 560; -8 vs South Africa | Angola vs UNITA | Cuba vs -8,COW War v4.1 intra-state,WarNum 804,Angolan Control; 1976-02-13..1991-05-15,
1976-04-05,United Kingdom; Syria,Dyadic MID 4.03,disno 3179,"hihost 4 (use of force); dyads SYR-UKG, UKG-SYR; 1976-04-05..1976-04-05",
1976-04-12,Israel; Saudi Arabia,Dyadic MID 4.03,disno 2961,"hihost 4 (use of force); dyads ISR-SAU, SAU-ISR; 1976-04-12..1976-04-13",
1976-06-09,Syria,ICB v16,crisno 269,IRAQI THREAT; 1976-06-09..1976-06-17; viol 1; forout 4,
1976-06-27,ccode 500; Israel,ICB v16,crisno 270,ENTEBBE RAID; 1976-06-27..1976-07-04; viol 2; forout 4,
1976-07-01,ccode 40; Somalia; Ethiopia; -8 vs Somalia | Cuba vs -8 | Ethiopia vs WSLF,COW War v4.1 intra-state,WarNum 805,Second Ogaden Phase 1; 1976-07-01..1977-07-22,
1976-07-18,Indonesia; Indonesia vs Fretilin,COW War v4.1 intra-state,WarNum 806,East Timorese War Phase 3; 1976-07-18..1979-05-26,
1976-08-01,China; South Korea,Dyadic MID 4.03,disno 2956,"hihost 4 (use of force); dyads CHN-ROK, ROK-CHN; 1976-08-01..1976-08-01",
1976-08-06,ccode 350; Turkey,ICB v16,crisno 272,AEGEAN SEA I; 1976-08-06..1976-09-25; viol 1; forout 4,
1976-08-17,United States; ccode 731,ICB v16,crisno 274,POPLAR TREE; 1976-08-17..1976-09-16; viol 2; forout 1,
1976-08-28,United States; Israel,Dyadic MID 4.03,disno 2335,"hihost 4 (use of force); dyads ISR-USA, USA-ISR; 1976-08-28..1976-09-06",
1976-09-06,USSR/Russia; Japan,Dyadic MID 4.03,disno 365,"hihost 4 (use of force); dyads JPN-RUS, RUS-JPN; 1976-09-06..1976-11-28",
1976-11-21,Israel,ICB v16,crisno 275,SYRIA MOBILIZATION; 1976-11-21..1976-12-13; viol 1; forout 3,
1977-03-08,France; ccode 490; Angola; Egypt,Dyadic MID 4.03,disno 2150,"hihost 4 (use of force); dyads ANG-DRC, ANG-EGY, ANG-FRN, DRC-ANG, EGY-ANG, FRN-ANG; 1977-03-08..1977-05-26",
1977-03-08,ccode 490; Angola,ICB v16,crisno 277,SHABA I; 1977-03-08..1977-05-26; viol 3; forout 4,
1977-04-09,United States; USSR/Russia,Dyadic MID 4.03,disno 2222,"hihost 4 (use of force); dyads RUS-USA, USA-RUS; 1977-04-09..1977-04-10",
1977-06-21,Ecuador; ccode 135,Dyadic MID 4.03,disno 2120,"hihost 4 (use of force); dyads ECU-PER, PER-ECU; 1977-06-21..1978-01-18",
1977-06-25,United Kingdom,ICB v16,crisno 279,BELIZE II; 1977-06-25..1977-07-28; viol 1; forout 2,
1977-07-04,USSR/Russia; China,Dyadic MID 4.03,disno 2714,"hihost 4 (use of force); dyads CHN-RUS, RUS-CHN; 1977-07-04..1977-08-05",
1977-07-12,Libya; Egypt,Dyadic MID 4.03,disno 3126,"hihost 4 (use of force); dyads EGY-LIB, LIB-EGY; 1977-07-12..1977-09-10",
1977-07-14,Libya; Egypt,ICB v16,crisno 281,EGYPT/LIBYA CLASHES; 1977-07-14..1977-09-10; viol 3; forout 2,
1977-07-22,Somalia; Ethiopia,ICB v16,crisno 282,OGADEN II; 1977-07-22..1978-03-14; viol 4; forout 4,
1977-07-23,Ethiopia (side 1); ccode 40 (side 1); Somalia (side 2),COW War v4.0 inter-state,WarNum 187,"Second Ogaden War, Phase 2; 3 participants; battle deaths 10500",
1977-09-20,Lebanon; Israel,Dyadic MID 4.03,disno 3994,"hihost 4 (use of force); dyads ISR-LEB, LEB-ISR; 1977-09-20..1978-06-13",
1977-09-21,Argentina; USSR/Russia,Dyadic MID 4.03,disno 3122,"hihost 4 (use of force); dyads ARG-RUS, RUS-ARG; 1977-09-21..1977-10-01",
1977-10-25,France; Algeria,ICB v16,crisno 285,FRENCH HOSTAGES MAUR.; 1977-10-25..1977-12-23; viol 1; forout 6,
1977-11-12,South Korea; Japan,Dyadic MID 4.03,disno 2963,"hihost 4 (use of force); dyads JPN-ROK, ROK-JPN; 1977-11-12..1977-11-13",
1977-12-05,ccode 155; Argentina,ICB v16,crisno 287,BEAGLE CHANNEL I; 1977-12-05..1978-02-20; viol 1; forout 1,
1978-01-22,ccode 483; Libya,ICB v16,crisno 288,CHAD/LIBYA II; 1978-01-22..1978-03-27; viol 4; forout 1,
1978-02-01,Syria; Israel; -8 vs Syria | Israel vs -8 | Lebanese Forces vs PLO & Shiite militia,COW War v4.1 intra-state,WarNum 807,Third Lebanese; 1978-02-01..1978-10-04,
1978-03-10,"ccode 40; Somalia; Ethiopia; -8 vs Somalia | Cuba vs -8 | Ethiopia vs Ogaden, WSLF",COW War v4.1 intra-state,WarNum 808,Second Ogaden Phase 3; 1978-03-10..1980-12-03,
1978-03-11,USSR/Russia; China,Dyadic MID 4.03,disno 2715,"hihost 4 (use of force); dyads CHN-RUS, RUS-CHN; 1978-03-11..1978-05-09",
1978-03-14,Lebanon,ICB v16,crisno 289,LITANI OPERATION; 1978-03-14..1978-06-13; viol 3; forout 4,
1978-04-15,France; Libya,Dyadic MID 4.03,disno 3631,"hihost 4 (use of force); dyads FRN-LIB, LIB-FRN; 1978-04-15..1980-03-08",
1978-04-15,France; ccode 483; Libya,ICB v16,crisno 290,CHAD/LIBYA III; 1978-04-15..1978-08-28; viol 4; forout 2,
1978-04-18,USSR/Russia; China; ccode 816,Dyadic MID 4.03,disno 3007,"hihost 5 (war); dyads CHN-DRV, CHN-RUS, DRV-CHN, RUS-CHN; 1978-04-18..1979-03-16",
1978-05-01,ccode 211; France; ccode 490; Belgium vs -8 | DRC vs FNLC | France vs -8,COW War v4.1 intra-state,WarNum 811,Fourth DRC (Shaba); 1978-05-01..1978-06-06,
1978-05-03,Angola; ccode 560,ICB v16,crisno 291,CASSINGA INCIDENT; 1978-05-03..1978-05-17; viol 3; forout 2,
1978-05-11,United States; ccode 211; France; ccode 490; Angola,ICB v16,crisno 292,SHABA II; 1978-05-11..1978-07-28; viol 3; forout 1,
1978-06-21,USSR/Russia; Iran,Dyadic MID 4.03,disno 2602,"hihost 4 (use of force); dyads IRN-RUS, RUS-IRN; 1978-06-21..1978-06-21",
1978-07-01,Syria; Israel,Dyadic MID 4.03,disno 3440,"hihost 4 (use of force); dyads ISR-SYR, SYR-ISR; 1978-07-01..1978-07-11",
1978-09-01,USSR/Russia; ccode 700; Afghanistan vs Mujahideen | Russia vs -8,COW War v4.1 intra-state,WarNum 812,First Afghan Mujahideen Uprising; 1978-09-01..1980-02-21,
1978-09-03,Iran; Iran vs Anti-Shah Coalition,COW War v4.1 intra-state,WarNum 813,Overthrow of the Shah; 1978-09-03..1979-02-11,
1978-10-16,ccode 155; Argentina,ICB v16,crisno 295,BEAGLE CHANNEL II; 1978-10-16..1979-01-08; viol 2; forout 1,
1978-10-28,ccode 500 (side 2); ccode 510 (side 1); Libya (side 2),COW War v4.0 inter-state,WarNum 190,Ugandian-Tanzanian; 3 participants; battle deaths 3000,
1978-10-28,ccode 500; ccode 510; Libya,ICB v16,crisno 296,FALL OF AMIN; 1978-10-28..1979-04-10; viol 4; forout 4,
1978-11-07,Angola,ICB v16,crisno 297,ANGOLA INVASION SCARE; 1978-11-07..1978-11-14; viol 1; forout 4,
1978-12-25,China; ccode 816,ICB v16,crisno 298,SINO/VIETNAM WAR; 1978-12-25..1979-03-15; viol 4; forout 4,
1979-01-27,USSR/Russia; China,Dyadic MID 4.03,disno 2716,"hihost 4 (use of force); dyads CHN-RUS, RUS-CHN; 1979-01-27..1980-02-14",
1979-02-12,Iran; Iran vs Anti-Khmoneini Coalition: Fedayeen Kalq & Kurds,COW War v4.1 intra-state,WarNum 816,Anti-Khomeini Coalition; 1979-02-12..1984-03-01,
1979-02-12,Angola; ccode 551; ccode 552,ICB v16,crisno 300,RAIDS ON ZIPRA; 1979-02-12..1979-05-28; viol 3; forout 4,
1979-02-17,China (side 1); ccode 816 (side 2),COW War v4.0 inter-state,WarNum 193,Sino-Vietnamese Punitive; 2 participants; battle deaths 21000,
1979-02-24,Yemen Arab Republic; Yemen People's Republic,ICB v16,crisno 301,NORTH/SOUTH YEMEN II; 1979-02-24..1979-03-28; viol 4; forout 1,
1979-02-27,Iran; Iraq,Dyadic MID 4.03,disno 2113,"hihost 4 (use of force); dyads IRN-IRQ, IRQ-IRN; 1979-02-27..1979-06-19",
1979-03-06,Angola,ICB v16,crisno 302,RAIDS ON SWAPO; 1979-03-06..1979-03-28; viol 2; forout 6,
1979-03-18,Iran; ccode 700,Dyadic MID 4.03,disno 3025,"hihost 4 (use of force); dyads AFG-IRN, IRN-AFG; 1979-03-18..1979-06-26",
1979-03-26,USSR/Russia; ccode 700; ccode 770,Dyadic MID 4.03,disno 2053,"hihost 4 (use of force); dyads AFG-PAK, AFG-RUS, PAK-AFG, RUS-AFG; 1979-03-26..1982-04-14",
1979-03-28,United States; USSR/Russia; ccode 700; ccode 770,ICB v16,crisno 303,AFGHANISTAN INVASION; 1979-03-28..1980-02-28; viol 3; forout 4,
1979-04-12,France; ccode 483; Libya,ICB v16,crisno 304,CHAD/LIBYA IV; 1979-04-12..1979-11-10; viol 4; forout 4,
1979-06-01,ccode 600; Algeria,ICB v16,crisno 305,GOULIMIME-TARFAYA RD; 1979-06-01..1979-06-25; viol 2; forout 4,
1979-06-27,Syria; Israel,Dyadic MID 4.03,disno 3441,"hihost 4 (use of force); dyads ISR-SYR, SYR-ISR; 1979-06-27..1980-02-28",
1979-08-09,United States; USSR/Russia,Dyadic MID 4.03,disno 2224,"hihost 4 (use of force); dyads RUS-USA, USA-RUS; 1979-08-09..1979-08-10",
1979-08-28,United States; Canada,Dyadic MID 4.03,disno 2968,"hihost 4 (use of force); dyads CAN-USA, USA-CAN; 1979-08-28..1979-08-28",
1979-10-24,Iran; Iraq,Dyadic MID 4.03,disno 2115,"hihost 5 (war); dyads IRN-IRQ, IRQ-IRN; 1979-10-24..1988-07-28",
1979-10-28,Angola,ICB v16,crisno 308,RAID ON ANGOLA; 1979-10-28..1979-11-02; viol 2; forout 6,
1979-11-04,United States; Iran,Dyadic MID 4.03,disno 3020,"hihost 4 (use of force); dyads IRN-USA, USA-IRN; 1979-11-04..1981-01-21",
1979-11-04,United States; Iran,ICB v16,crisno 309,US HOSTAGES IN IRAN; 1979-11-04..1981-01-20; viol 2; forout 1,
1979-11-14,United States; ccode 135,Dyadic MID 4.03,disno 2967,"hihost 4 (use of force); dyads PER-USA, USA-PER; 1979-11-14..1979-11-14",
1979-12-12,ccode 93; Colombia,ICB v16,crisno 310,COLOMBIA/NICARAGUA; 1979-12-12..1981-07-08; viol 1; forout 4,
1980-01-27,ccode 616; Libya,ICB v16,crisno 311,RAID ON GAFSA; 1980-01-27..1980-04-28; viol 3; forout 2,
1980-02-03,Saudi Arabia; Yemen Arab Republic,Dyadic MID 4.03,disno 2152,"hihost 4 (use of force); dyads SAU-YAR, YAR-SAU; 1980-02-03..1980-02-15",
1980-03-22,France; ccode 483; Libya; -8 vs France | Chad vs FAN | Libya vs -8,COW War v4.1 intra-state,WarNum 820,Second Chad (Habre Revolt); 1980-03-22..1984-09-01,
1980-06-07,Angola,ICB v16,crisno 313,OPERATION SMOKESHELL; 1980-06-07..1980-07-02; viol 3; forout 4,
1980-06-11,Libya; Egypt,ICB v16,crisno 314,LIBYA THREAT-SADAT; 1980-06-11..1980-06-28; viol 1; forout 7,
1980-08-14,ccode 265; ccode 290; ccode 315; USSR/Russia,ICB v16,crisno 315,SOLIDARITY; 1980-08-14..1981-12-13; viol 1; forout 4,
1980-08-24,Syria; Lebanon; Israel,Dyadic MID 4.03,disno 3448,"hihost 4 (use of force); dyads ISR-LEB, ISR-SYR, LEB-ISR, SYR-ISR; 1980-08-24..1981-07-25",
1980-09-07,ccode 155; Argentina,Dyadic MID 4.03,disno 2083,"hihost 4 (use of force); dyads ARG-CHL, CHL-ARG; 1980-09-07..1981-02-09",
1980-09-17,Iran; Iraq,ICB v16,crisno 317,ONSET IRAN/IRAQ WAR; 1980-09-17..1980-11-28; viol 4; forout 4,
1980-09-22,Iraq (side 2); Iran (side 1),COW War v4.0 inter-state,WarNum 199,Iran-Iraq; 2 participants; battle deaths 1250000,
1980-10-05,USSR/Russia; China,Dyadic MID 4.03,disno 2717,"hihost 4 (use of force); dyads CHN-RUS, RUS-CHN; 1980-10-05..1980-10-28",
1980-10-25,United States; Ecuador,Dyadic MID 4.03,disno 3105,"hihost 4 (use of force); dyads ECU-USA, USA-ECU; 1980-10-25..1981-01-20",
1980-11-13,Iran; Kuwait,Dyadic MID 4.03,disno 3108,"hihost 4 (use of force); dyads IRN-KUW, KUW-IRN; 1980-11-13..1980-11-16",
1980-11-25,Jordan,ICB v16,crisno 319,JORDAN/SYRIA CONFRNT.; 1980-11-25..1980-12-14; viol 1; forout 3,
1980-12-05,ccode 501; Somalia; Ethiopia,ICB v16,crisno 320,E. AFRICA CONFRONT.; 1980-12-05..1981-06-28; viol 1; forout 1,
1980-12-18,Nigeria; Nigeria vs Muslim fundamentalists,COW War v4.1 intra-state,WarNum 823,Nigeria-Muslim; 1980-12-18..1981-01-01,
1981-01-01,Iraq; Israel,ICB v16,crisno 324,IRAQ NUCLEAR REACTOR; 1981-01-01..1981-06-19; viol 2; forout 4,
1981-01-06,France; Libya,ICB v16,crisno 321,CHAD/LIBYA V; 1981-01-06..1981-11-16; viol 2; forout 4,
1981-01-22,Ecuador; ccode 135,ICB v16,crisno 322,ECUADOR/PERU BDR. III; 1981-01-22..1981-04-02; viol 2; forout 1,
1981-01-23,Ecuador; ccode 135,Dyadic MID 4.03,disno 2119,"hihost 4 (use of force); dyads ECU-PER, PER-ECU; 1981-01-23..1981-03-06",
1981-04-04,Venezuela; ccode 110,ICB v16,crisno 325,ESSEQUIBO II; 1981-04-04..1983-03-01; viol 1; forout 2,
1981-04-25,ccode 155; Argentina,Dyadic MID 4.03,disno 2084,"hihost 4 (use of force); dyads ARG-CHL, CHL-ARG; 1981-04-25..1982-02-23",
1981-04-28,Syria; Israel,ICB v16,crisno 327,AL-BIQA MISSILES I; 1981-04-28..1981-07-24; viol 2; forout 1,
1981-05-05,China; ccode 816,Dyadic MID 4.03,disno 3102,"hihost 4 (use of force); dyads CHN-DRV, DRV-CHN; 1981-05-05..1981-08-17",
1981-05-12,United States; USSR/Russia,Dyadic MID 4.03,disno 2228,"hihost 4 (use of force); dyads RUS-USA, USA-RUS; 1981-05-12..1981-05-14",
1981-05-15,ccode 471; Nigeria,ICB v16,crisno 328,CAMEROON/NIGERIA I; 1981-05-15..1981-07-24; viol 2; forout 2,
1981-07-07,India; ccode 770,Dyadic MID 4.03,disno 2639,"hihost 4 (use of force); dyads IND-PAK, PAK-IND; 1981-07-07..1981-11-03",
1981-08-12,Libya,ICB v16,crisno 330,GULF OF SYRTE I; 1981-08-12..1981-09-01; viol 2; forout 4,
1981-08-18,United States; Libya; Egypt,Dyadic MID 4.03,disno 3099,"hihost 4 (use of force); dyads EGY-LIB, LIB-EGY, LIB-USA, USA-LIB; 1981-08-18..1981-08-21",
1981-08-23,Angola,ICB v16,crisno 331,OPERATION PROTEA; 1981-08-23..1981-09-28; viol 3; forout 4,
1981-09-10,United States; Libya; ccode 625; Egypt; Oman,Dyadic MID 4.03,disno 3098,"hihost 4 (use of force); dyads EGY-LIB, LIB-EGY, LIB-OMA, LIB-SUD, LIB-USA, OMA-LIB, SUD-LIB, USA-LIB; 1981-09-10..1981-12-06",
1981-09-21,Iran; Turkey,Dyadic MID 4.03,disno 3097,"hihost 4 (use of force); dyads IRN-TUR, TUR-IRN; 1981-09-21..1981-09-21",
1981-10-01,Iran; Kuwait,Dyadic MID 4.03,disno 3095,"hihost 4 (use of force); dyads IRN-KUW, KUW-IRN; 1981-10-01..1981-10-01",
1981-10-28,USSR/Russia; ccode 380,ICB v16,crisno 333,U-137 INCIDENT; 1981-10-28..1981-11-06; viol 1; forout 4,
1981-11-01,Syria; Syria vs Muslim Brotherhood,COW War v4.1 intra-state,WarNum 825,Hama; 1981-11-01..1982-02-23,
1981-12-13,Saudi Arabia; Bahrain,ICB v16,crisno 334,COUP ATTEMPT IN BAHRAIN; 1981-12-13..1982-01-08; viol 1; forout 4,
1982-01-15,Japan; ccode 840,Dyadic MID 4.03,disno 3612,"hihost 4 (use of force); dyads JPN-PHI, PHI-JPN; 1982-01-15..1982-01-15",
1982-01-23,Ethiopia; Ethiopia vs Tigray & Eritrea,COW War v4.1 intra-state,WarNum 826,Tigrean and Eritrean; 1982-01-23..1991-05-28,
1982-02-22,Syria; Jordan,Dyadic MID 4.03,disno 3106,"hihost 4 (use of force); dyads JOR-SYR, SYR-JOR; 1982-02-22..1982-02-24",
1982-03-01,Argentina; United Kingdom,Dyadic MID 4.03,disno 3630,"hihost 5 (war); dyads ARG-UKG, UKG-ARG; 1982-03-01..1982-06-14",
1982-03-08,China; ccode 816,Dyadic MID 4.03,disno 2975,"hihost 4 (use of force); dyads CHN-DRV, DRV-CHN; 1982-03-08..1982-03-08",
1982-03-22,Iraq,ICB v16,crisno 335,KHORRAMSHAHR; 1982-03-22..1982-07-28; viol 4; forout 4,
1982-03-25,United Kingdom (side 1); Argentina (side 2),COW War v4.0 inter-state,WarNum 202,Falkland Islands; 2 participants; battle deaths 1001,
1982-03-28,Argentina; United Kingdom,ICB v16,crisno 336,FALKLANDS/MALVINAS; 1982-03-28..1982-06-14; viol 4; forout 5,
1982-04-11,Syria; Lebanon; Israel,Dyadic MID 4.03,disno 3995,"hihost 5 (war); dyads ISR-LEB, ISR-SYR, LEB-ISR, SYR-ISR; 1982-04-11..1985-06-05",
1982-04-21,Israel (side 1); Syria (side 2),COW War v4.0 inter-state,WarNum 205,War over Lebanon; 2 participants; battle deaths 1655,
1982-04-24,South Korea; Japan,Dyadic MID 4.03,disno 2974,"hihost 4 (use of force); dyads JPN-ROK, ROK-JPN; 1982-04-24..1982-07-13",
1982-06-05,Syria; Lebanon; Israel,ICB v16,crisno 337,WAR IN LEBANON; 1982-06-05..1983-05-17; viol 4; forout 2,
1982-06-23,United States; USSR/Russia; Japan,Dyadic MID 4.03,disno 2229,"hihost 4 (use of force); dyads JPN-RUS, RUS-JPN, RUS-USA, USA-RUS; 1982-06-23..1983-01-24",
1982-06-28,Somalia; Ethiopia,ICB v16,crisno 338,OGADEN III; 1982-06-28..1982-08-01; viol 3; forout 6,
1982-07-13,Colombia; Venezuela,Dyadic MID 4.03,disno 2323,"hihost 4 (use of force); dyads COL-VEN, VEN-COL; 1982-07-13..1982-07-24",
1982-10-04,Syria; Israel,Dyadic MID 4.03,disno 3442,"hihost 4 (use of force); dyads ISR-SYR, SYR-ISR; 1982-10-04..1984-06-14",
1983-02-11,Libya; ccode 625; Egypt,ICB v16,crisno 340,LIBYA THREAT/SUDAN; 1983-02-11..1983-02-22; viol 1; forout 4,
1983-02-26,United States; Iran,Dyadic MID 4.03,disno 3071,"hihost 4 (use of force); dyads IRN-USA, USA-IRN; 1983-02-26..1983-07-26",
1983-04-10,China; ccode 816,Dyadic MID 4.03,disno 3614,"hihost 4 (use of force); dyads CHN-DRV, DRV-CHN; 1983-04-10..1983-04-24",
1983-04-16,Brazil; Libya,Dyadic MID 4.03,disno 3068,"hihost 4 (use of force); dyads BRA-LIB, LIB-BRA; 1983-04-16..1983-04-28",
1983-04-18,United States; France; Lebanon; France vs -8 | Lebanon vs Shi'ites & Druze | United States vs -8,COW War v4.1 intra-state,WarNum 833,Fourth Lebanese Civil; 1983-04-18..1984-02-28,
1983-04-18,Nigeria; ccode 483,ICB v16,crisno 341,CHAD/NIGERIA CLASHES; 1983-04-18..1983-07-11; viol 3; forout 1,
1983-04-27,USSR/Russia; Norway,Dyadic MID 4.03,disno 3067,"hihost 4 (use of force); dyads NOR-RUS, RUS-NOR; 1983-04-27..1983-05-08",
1983-04-28,USSR/Russia; Iran,Dyadic MID 4.03,disno 2590,"hihost 4 (use of force); dyads IRN-RUS, RUS-IRN; 1983-04-28..1983-04-28",
1983-06-24,France; ccode 483; Libya,ICB v16,crisno 342,CHAD/LIBYA VI; 1983-06-24..1984-12-11; viol 2; forout 2,
1983-07-03,United States; France; ccode 490; Libya,Dyadic MID 4.03,disno 3634,"hihost 4 (use of force); dyads DRC-LIB, FRN-LIB, LIB-DRC, LIB-FRN, LIB-USA, USA-LIB; 1983-07-03..1984-10-20",
1983-07-25,India; ccode 780; India vs -8 | Sri Lanka vs Tamils,COW War v4.1 intra-state,WarNum 835,First Sri Lanka Tamil; 1983-07-25..2002-02-22,
1983-08-16,Egypt; Israel,Dyadic MID 4.03,disno 3385,"hihost 4 (use of force); dyads EGY-ISR, ISR-EGY; 1983-08-16..1985-07-05",
1983-09-01,USSR/Russia; South Korea,Dyadic MID 4.03,disno 3063,"hihost 4 (use of force); dyads ROK-RUS, RUS-ROK; 1983-09-01..1983-09-01",
1983-09-03,United States; Syria,Dyadic MID 4.03,disno 3062,"hihost 4 (use of force); dyads SYR-USA, USA-SYR; 1983-09-03..1984-04-01",
1983-09-18,USSR/Russia; ccode 700; ccode 770,Dyadic MID 4.03,disno 2054,"hihost 4 (use of force); dyads AFG-PAK, AFG-RUS, PAK-AFG, RUS-AFG; 1983-09-18..1987-04-28",
1983-10-19,United States; ccode 55,ICB v16,crisno 343,INVASION OF GRENADA; 1983-10-19..1983-10-28; viol 3; forout 4,
1983-10-20,India; ccode 770,Dyadic MID 4.03,disno 2641,"hihost 4 (use of force); dyads IND-PAK, PAK-IND; 1983-10-20..1984-01-28",
1983-11-02,USSR/Russia,ICB v16,crisno 344,ABLE ARCHER 83; 1983-11-02..1983-11-11; viol 1; forout 7,
1983-12-06,Angola,ICB v16,crisno 347,OPERATION ASKARI; 1983-12-06..1984-02-16; viol 3; forout 1,
1983-12-28,Saudi Arabia; Yemen Arab Republic,Dyadic MID 4.03,disno 3054,"hihost 4 (use of force); dyads SAU-YAR, YAR-SAU; 1983-12-28..1984-01-16",
1984-01-14,China; ccode 816,Dyadic MID 4.03,disno 3639,"hihost 4 (use of force); dyads CHN-DRV, DRV-CHN; 1984-01-14..1984-07-12",
1984-01-15,Ecuador; ccode 135,Dyadic MID 4.03,disno 2118,"hihost 4 (use of force); dyads ECU-PER, PER-ECU; 1984-01-15..1984-01-15",
1984-02-21,Iran; Iraq; Saudi Arabia; Kuwait,ICB v16,crisno 348,BASRA-KHARG ISLAND; 1984-02-21..1984-07-11; viol 4; forout 2,
1984-03-08,United States; Libya; ccode 625; Egypt,Dyadic MID 4.03,disno 3051,"hihost 4 (use of force); dyads EGY-LIB, LIB-EGY, LIB-SUD, LIB-USA, SUD-LIB, USA-LIB; 1984-03-08..1984-03-28",
1984-03-08,United Kingdom; Iraq,Dyadic MID 4.03,disno 3052,"hihost 4 (use of force); dyads IRQ-UKG, UKG-IRQ; 1984-03-08..1984-03-08",
1984-03-16,Libya; ccode 625; Egypt,ICB v16,crisno 350,OMDURMAN BOMBING; 1984-03-16..1984-01-01; viol 2; forout 7,
1984-04-02,China; ccode 816,ICB v16,crisno 352,SINO/VIETNAM CLASHES; 1984-04-02..1984-06-28; viol 3; forout 7,
1984-04-26,Iran; Saudi Arabia,Dyadic MID 4.03,disno 3048,"hihost 4 (use of force); dyads IRN-SAU, SAU-IRN; 1984-04-26..1984-07-05",
1984-05-09,Iran; Saudi Arabia; Kuwait; Bahrain; Qatar; UAE; Oman,Dyadic MID 4.03,disno 3617,"hihost 4 (use of force); dyads BAH-IRN, IRN-BAH, IRN-KUW, IRN-OMA, IRN-QAT, IRN-SAU, IRN-UAE, KUW-IRN, OMA-IRN, QAT-IRN, SAU-IRN, UAE-IRN; 1984-05-09..1984-07-23",
1984-06-01,India; India vs Sikhs,COW War v4.1 intra-state,WarNum 837,Indian Golden Temple; 1984-06-01..1984-07-28,
1984-06-03,Turkey; Iraq,Dyadic MID 4.03,disno 3045,"hihost 4 (use of force); dyads IRQ-TUR, TUR-IRQ; 1984-06-03..1984-06-03",
1984-06-25,India; ccode 770,Dyadic MID 4.03,disno 2642,"hihost 4 (use of force); dyads IND-PAK, PAK-IND; 1984-06-25..1984-08-28",
1984-07-10,United Kingdom; Iran,Dyadic MID 4.03,disno 3042,"hihost 4 (use of force); dyads IRN-UKG, UKG-IRN; 1984-07-10..1984-10-24",
1984-08-14,"Turkey; Turkey vs Kurds, PKK",COW War v4.1 intra-state,WarNum 838,First Turkish Kurds; 1984-08-14..1986-03-01,
1984-08-22,France; Libya,Dyadic MID 4.03,disno 3041,"hihost 4 (use of force); dyads FRN-LIB, LIB-FRN; 1984-08-22..1984-08-22",
1984-09-12,United States; USSR/Russia,Dyadic MID 4.03,disno 2230,"hihost 4 (use of force); dyads RUS-USA, USA-RUS; 1984-09-12..1984-09-19",
1984-10-19,ccode 155; Argentina,Dyadic MID 4.03,disno 2087,"hihost 4 (use of force); dyads ARG-CHL, CHL-ARG; 1984-10-19..1984-10-19",
1984-11-06,United States; ccode 93,ICB v16,crisno 354,NICARAGUA MIG-21S; 1984-11-06..1984-11-12; viol 1; forout 4,
1985-01-01,Iran; Iraq; -8 vs Iran | Iraq vs Kurds,COW War v4.1 intra-state,WarNum 840,Fifth Iraqi  Kurds; 1985-01-01..1988-09-06,
1985-01-09,China; ccode 816,Dyadic MID 4.03,disno 3622,"hihost 4 (use of force); dyads CHN-DRV, DRV-CHN; 1985-01-09..1986-02-06",
1985-01-17,India; ccode 770,Dyadic MID 4.03,disno 2643,"hihost 4 (use of force); dyads IND-PAK, PAK-IND; 1985-01-17..1985-10-07",
1985-02-19,Iraq; Kuwait,Dyadic MID 4.03,disno 3029,"hihost 4 (use of force); dyads IRQ-KUW, KUW-IRQ; 1985-02-19..1985-02-19",
1985-02-20,Iran; Kuwait,Dyadic MID 4.03,disno 2554,"hihost 4 (use of force); dyads IRN-KUW, KUW-IRN; 1985-02-20..1985-02-20",
1985-02-21,Iran; Saudi Arabia,Dyadic MID 4.03,disno 2553,"hihost 4 (use of force); dyads IRN-SAU, SAU-IRN; 1985-02-21..1985-02-21",
1985-03-19,United Kingdom; Iran,Dyadic MID 4.03,disno 2551,"hihost 4 (use of force); dyads IRN-UKG, UKG-IRN; 1985-03-19..1985-03-19",
1985-03-22,China; South Korea,Dyadic MID 4.03,disno 2550,"hihost 4 (use of force); dyads CHN-ROK, ROK-CHN; 1985-03-22..1985-03-27",
1985-03-24,United States; USSR/Russia,Dyadic MID 4.03,disno 2232,"hihost 4 (use of force); dyads RUS-USA, USA-RUS; 1985-03-24..1985-09-07",
1985-06-13,Syria; Israel,Dyadic MID 4.03,disno 3443,"hihost 4 (use of force); dyads ISR-SYR, SYR-ISR; 1985-06-13..1986-08-07",
1985-07-10,Turkey; Iraq,Dyadic MID 4.03,disno 2545,"hihost 4 (use of force); dyads IRQ-TUR, TUR-IRQ; 1985-07-10..1985-07-13",
1985-11-19,Syria; Israel,ICB v16,crisno 357,AL-BIQA MISSILES II; 1985-11-19..1986-01-15; viol 2; forout 3,
1985-11-23,Libya; Egypt,ICB v16,crisno 358,EGYPT AIR HIJACKING; 1985-11-23..1985-12-03; viol 2; forout 4,
1985-12-01,China; India,Dyadic MID 4.03,disno 2102,"hihost 4 (use of force); dyads CHN-IND, IND-CHN; 1985-12-01..1987-06-04",
1986-01-13,Yemen People's Republic; Yemen People's Republic vs Leftist Factions,COW War v4.1 intra-state,WarNum 842,South Yemen; 1986-01-13..1986-01-28,
1986-01-13,United States; Iran,Dyadic MID 4.03,disno 2578,"hihost 4 (use of force); dyads IRN-USA, USA-IRN; 1986-01-13..1986-01-14",
1986-01-13,United States; Libya,Dyadic MID 4.03,disno 3636,"hihost 4 (use of force); dyads LIB-USA, USA-LIB; 1986-01-13..1986-04-15",
1986-02-04,Libya; Israel,Dyadic MID 4.03,disno 2591,"hihost 4 (use of force); dyads ISR-LIB, LIB-ISR; 1986-02-04..1986-02-04",
1986-02-09,Iran; Iraq; Saudi Arabia; Kuwait,ICB v16,crisno 361,CAPTURE OF AL-FAW; 1986-02-09..1986-04-28; viol 4; forout 4,
1986-02-10,France; ccode 483; Libya,ICB v16,crisno 362,CHAD/LIBYA VII; 1986-02-10..1986-03-28; viol 3; forout 7,
1986-02-15,France; Libya,Dyadic MID 4.03,disno 3635,"hihost 4 (use of force); dyads FRN-LIB, LIB-FRN; 1986-02-15..1987-09-11",
1986-03-02,Iran; Turkey,Dyadic MID 4.03,disno 2575,"hihost 4 (use of force); dyads IRN-TUR, TUR-IRN; 1986-03-02..1986-03-02",
1986-03-24,United States; Libya,ICB v16,crisno 363,GULF OF SYRTE II; 1986-03-24..1986-04-21; viol 2; forout 6,
1986-04-06,Iran; Saudi Arabia,Dyadic MID 4.03,disno 2574,"hihost 4 (use of force); dyads IRN-SAU, SAU-IRN; 1986-04-06..1986-05-01",
1986-04-26,Bahrain; Qatar,Dyadic MID 4.03,disno 2572,"hihost 4 (use of force); dyads BAH-QAT, QAT-BAH; 1986-04-26..1986-06-15",
1986-04-26,Bahrain,ICB v16,crisno 364,AL-DIBAL INCIDENT; 1986-04-26..1986-06-15; viol 2; forout 1,
1986-05-28,Argentina; ccode 713,Dyadic MID 4.03,disno 2579,"hihost 4 (use of force); dyads ARG-TAW, TAW-ARG; 1986-05-28..1986-05-28",
1986-07-12,USSR/Russia; China,Dyadic MID 4.03,disno 2718,"hihost 4 (use of force); dyads CHN-RUS, RUS-CHN; 1986-07-12..1986-07-12",
1986-08-26,Iraq; Bahrain,Dyadic MID 4.03,disno 2565,"hihost 4 (use of force); dyads BAH-IRQ, IRQ-BAH; 1986-08-26..1986-08-26",
1986-09-03,USSR/Russia; Iran,Dyadic MID 4.03,disno 2588,"hihost 4 (use of force); dyads IRN-RUS, RUS-IRN; 1986-09-03..1986-09-03",
1986-09-23,United Kingdom; Iran,Dyadic MID 4.03,disno 2596,"hihost 4 (use of force); dyads IRN-UKG, UKG-IRN; 1986-09-23..1986-11-26",
1986-10-01,China; ccode 816,Dyadic MID 4.03,disno 3628,"hihost 5 (war); dyads CHN-DRV, DRV-CHN; 1986-10-01..1987-03-15",
1986-10-14,India; ccode 770,Dyadic MID 4.03,disno 2644,"hihost 4 (use of force); dyads IND-PAK, PAK-IND; 1986-10-14..1986-11-15",
1986-10-22,Iran; Kuwait,Dyadic MID 4.03,disno 2594,"hihost 4 (use of force); dyads IRN-KUW, KUW-IRN; 1986-10-22..1986-10-22",
1986-10-26,China; South Korea,Dyadic MID 4.03,disno 2315,"hihost 4 (use of force); dyads CHN-ROK, ROK-CHN; 1986-10-26..1987-04-26",
1986-11-15,ccode 483 (side 1); Libya (side 2),COW War v4.0 inter-state,WarNum 207,War over the Aouzou Strip; 2 participants; battle deaths 8000,
1986-12-12,ccode 483; Libya,ICB v16,crisno 370,CHAD/LIBYA VIII; 1986-12-12..1987-09-11; viol 4; forout 2,
