timestamp_utc,source,headline,url,matched_entities,matched_keywords,heuristic_type,amp_context,status
2026-07-25T10:41:27+00:00,gdelt,[GDELT] DJIBOUTI / SAUDI ARABIA: fight/clash signal,"https://www.gdnonline.com:443/Details/1401607/Saudi-vessel-damaged-in-Red-Sea-attack,-crew-safe,-says-report",SAU,,unmapped,Inventories 1.5σ below seasonal norm (H2 amplifier ON); VIX 56th pct (H1 ON). A supply shock today lands on a physically primed but psychologically stressed market.,new
2026-07-25T10:41:27+00:00,gdelt,[GDELT] PRESIDENT / IRAN: assault signal,https://www.westhawaiitoday.com/2026/07/25/nation-world-news/trump-meets-with-top-advisers-as-he-weighs-a-major-escalation-in-iran/,IRN,escalation,conflict_escalation,Inventories 1.5σ below seasonal norm (H2 amplifier ON); VIX 56th pct (H1 ON). A supply shock today lands on a physically primed but psychologically stressed market.,new
2026-07-25T10:41:27+00:00,gdelt,[GDELT] ISRAELI / ?: fight/clash signal,https://english.wafa.ps/Pages/Details/172901,ISR,,unmapped,Inventories 1.5σ below seasonal norm (H2 amplifier ON); VIX 56th pct (H1 ON). A supply shock today lands on a physically primed but psychologically stressed market.,new
2026-07-25T10:41:27+00:00,gdelt,[GDELT] ISRAELI / CITIZEN: assault signal,https://imemc.org/article/west-bank-colonizers-attack-palestinians-burn-homes-soldiers-injure-two/,ISR,,unmapped,Inventories 1.5σ below seasonal norm (H2 amplifier ON); VIX 56th pct (H1 ON). A supply shock today lands on a physically primed but psychologically stressed market.,new
2026-07-25T10:41:27+00:00,gdelt,[GDELT] JERUSALEM / MILITARY: fight/clash signal,https://english.wafa.ps/Pages/Details/172904,ISR,,unmapped,Inventories 1.5σ below seasonal norm (H2 amplifier ON); VIX 56th pct (H1 ON). A supply shock today lands on a physically primed but psychologically stressed market.,new
2026-07-25T10:41:27+00:00,gdelt,[GDELT] ISRAELI / WEST BANK: fight/clash signal,https://www.thenationalnews.com/news/mena/2026/07/25/israel-launches-large-scale-raid-on-west-bank-village-after-day-of-deadly-violence/,ISR,,unmapped,Inventories 1.5σ below seasonal norm (H2 amplifier ON); VIX 56th pct (H1 ON). A supply shock today lands on a physically primed but psychologically stressed market.,new
2026-07-25T10:41:27+00:00,gdelt,[GDELT] ISRAELI / PALESTINIAN: fight/clash signal,https://www.naharnet.com/stories/en/321466-palestinians-bury-four-killed-in-west-bank-clash-with-israeli-settlers,ISR,,unmapped,Inventories 1.5σ below seasonal norm (H2 amplifier ON); VIX 56th pct (H1 ON). A supply shock today lands on a physically primed but psychologically stressed market.,new
2026-07-25T10:41:27+00:00,gdelt,[GDELT] ISRAELI / PALESTINIAN: fight/clash signal,https://dailypioneer.com/news/4-palestinians-1-israeli-dead-after-west-bank-shooting,ISR,,unmapped,Inventories 1.5σ below seasonal norm (H2 amplifier ON); VIX 56th pct (H1 ON). A supply shock today lands on a physically primed but psychologically stressed market.,new
2026-07-25T10:41:27+00:00,gdelt,[GDELT] TURK / LEBANON: assault signal,https://www.aljazeera.com/news/2026/7/25/how-volker-turk-won-a-new-term-as-un-rights-chief-despite-israel-opposition,LBN,,unmapped,Inventories 1.5σ below seasonal norm (H2 amplifier ON); VIX 56th pct (H1 ON). A supply shock today lands on a physically primed but psychologically stressed market.,new
2026-07-25T10:41:27+00:00,rss:bbc_world,Iran-backed Houthis claim missile attack on Saudi Arabia,https://www.bbc.co.uk/news/articles/cj9d27v70j1o?at_medium=RSS&at_campaign=rss,country.iran;country.saudi_arabia,tanker;missile;blockade;houthi,infrastructure_attack,Inventories 1.5σ below seasonal norm (H2 amplifier ON); VIX 56th pct (H1 ON). A supply shock today lands on a physically primed but psychologically stressed market.,new
2026-07-25T10:41:27+00:00,rss:bbc_world,Ten killed in Russian attack on drone exhibition near Kyiv,https://www.bbc.co.uk/news/articles/cj637zd1k1ko?at_medium=RSS&at_campaign=rss,,missile,conflict_escalation,Inventories 1.5σ below seasonal norm (H2 amplifier ON); VIX 56th pct (H1 ON). A supply shock today lands on a physically primed but psychologically stressed market.,new
2026-07-25T10:41:27+00:00,rss:bbc_world,World chess chief faces endgame after EU announces Russia war sanctions,https://www.bbc.co.uk/news/articles/cewrk58k2k4o?at_medium=RSS&at_campaign=rss,country.russia,sanctions,sanctions,Inventories 1.5σ below seasonal norm (H2 amplifier ON); VIX 56th pct (H1 ON). A supply shock today lands on a physically primed but psychologically stressed market.,new
2026-07-25T10:41:27+00:00,rss:bbc_world,Houthi attacks raise fears of wider Middle East conflict and more global economic damage,https://www.bbc.co.uk/news/articles/cvgve0vxy1yo?at_medium=RSS&at_campaign=rss,country.iran;country.yemen,houthi,chokepoint_disruption,Inventories 1.5σ below seasonal norm (H2 amplifier ON); VIX 56th pct (H1 ON). A supply shock today lands on a physically primed but psychologically stressed market.,new
2026-07-25T10:41:27+00:00,rss:bbc_world,'What was their crime?': BBC visits Iran school where strike killed 120 children,https://www.bbc.co.uk/news/articles/cewrx0ldlkko?at_medium=RSS&at_campaign=rss,country.iran,,unmapped,Inventories 1.5σ below seasonal norm (H2 amplifier ON); VIX 56th pct (H1 ON). A supply shock today lands on a physically primed but psychologically stressed market.,new
2026-07-25T10:41:27+00:00,rss:bbc_world,Families still search for bodies a month after Venezuela earthquakes,https://www.bbc.co.uk/news/videos/cwylplxk8nko?at_medium=RSS&at_campaign=rss,country.venezuela,,unmapped,Inventories 1.5σ below seasonal norm (H2 amplifier ON); VIX 56th pct (H1 ON). A supply shock today lands on a physically primed but psychologically stressed market.,new
2026-07-25T10:41:27+00:00,rss:aljazeera,How Volker Turk won a new term as UN rights chief despite Israel opposition,https://www.aljazeera.com/news/2026/7/25/how-volker-turk-won-a-new-term-as-un-rights-chief-despite-israel-opposition?traffic_source=rss,country.israel;country.russia,,unmapped,Inventories 1.5σ below seasonal norm (H2 amplifier ON); VIX 56th pct (H1 ON). A supply shock today lands on a physically primed but psychologically stressed market.,new
2026-07-25T10:41:27+00:00,rss:aljazeera,Israel arrests dozens of Palestinians in West Bank amid settler attacks,https://www.aljazeera.com/news/2026/7/25/israel-arrests-dozens-of-palestinians-in-west-bank-amid-settler-attacks?traffic_source=rss,country.israel,,unmapped,Inventories 1.5σ below seasonal norm (H2 amplifier ON); VIX 56th pct (H1 ON). A supply shock today lands on a physically primed but psychologically stressed market.,new
2026-07-25T10:41:27+00:00,rss:aljazeera,Born too soon: Premature babies fight for survival in Gaza,https://www.aljazeera.com/features/2026/7/25/born-too-soon-premature-babies-fighting-for-survival-in-gaza?traffic_source=rss,country.israel,,unmapped,Inventories 1.5σ below seasonal norm (H2 amplifier ON); VIX 56th pct (H1 ON). A supply shock today lands on a physically primed but psychologically stressed market.,new
2026-07-25T10:41:27+00:00,rss:aljazeera,Guterres arrives in Syria in first official visit by a UN chief in 17 years,https://www.aljazeera.com/news/2026/7/25/guterres-arrives-in-syria-in-first-official-visit-by-a-un-chief-in-17-years?traffic_source=rss,,sanctions,sanctions,Inventories 1.5σ below seasonal norm (H2 amplifier ON); VIX 56th pct (H1 ON). A supply shock today lands on a physically primed but psychologically stressed market.,new
2026-07-25T10:41:27+00:00,rss:aljazeera,Venezuelans hold vigil one month after devastating earthquakes,https://www.aljazeera.com/video/newsfeed/2026/7/25/venezuelans-hold-vigil-one-month-after-devastating-earthquakes?traffic_source=rss,country.venezuela,,unmapped,Inventories 1.5σ below seasonal norm (H2 amplifier ON); VIX 56th pct (H1 ON). A supply shock today lands on a physically primed but psychologically stressed market.,new
2026-07-25T10:41:27+00:00,rss:aljazeera,Saudi-led coalition strikes Houthi-controlled Hodeidah,https://www.aljazeera.com/video/newsfeed/2026/7/25/saudi-led-coalition-strikes-houthi-controlled-hodeidah?traffic_source=rss,,houthi,chokepoint_disruption,Inventories 1.5σ below seasonal norm (H2 amplifier ON); VIX 56th pct (H1 ON). A supply shock today lands on a physically primed but psychologically stressed market.,new
2026-07-25T10:41:27+00:00,rss:aljazeera,Iran war live: Trump says US ‘locked and loaded’ as it seeks Iran talks,https://www.aljazeera.com/news/liveblog/2026/7/25/iran-war-live-trump-says-us-locked-and-loaded-as-it-seeks-iran-talks?traffic_source=rss,country.iran,,unmapped,Inventories 1.5σ below seasonal norm (H2 amplifier ON); VIX 56th pct (H1 ON). A supply shock today lands on a physically primed but psychologically stressed market.,new
2026-07-25T10:41:27+00:00,rss:aljazeera,Trump says ‘it’s time’ for Saudi Arabia to normalise ties with Israel,https://www.aljazeera.com/news/2026/7/24/trump-says-its-time-for-saudi-arabia-to-normalise-ties-with-israel?traffic_source=rss,country.israel;country.saudi_arabia,nuclear,conflict_escalation,Inventories 1.5σ below seasonal norm (H2 amplifier ON); VIX 56th pct (H1 ON). A supply shock today lands on a physically primed but psychologically stressed market.,new
2026-07-25T10:41:27+00:00,rss:un_news,‘Women do not stop giving birth in an emergency’ – one month after Venezuela quakes,https://news.un.org/feed/view/en/story/2026/07/1168021,country.venezuela,,unmapped,Inventories 1.5σ below seasonal norm (H2 amplifier ON); VIX 56th pct (H1 ON). A supply shock today lands on a physically primed but psychologically stressed market.,new
2026-07-25T10:41:27+00:00,rss:un_news,"After an Ebola centre was attacked, peacekeepers moved in next door",https://news.un.org/feed/view/en/story/2026/07/1168018,,spr,policy_response,Inventories 1.5σ below seasonal norm (H2 amplifier ON); VIX 56th pct (H1 ON). A supply shock today lands on a physically primed but psychologically stressed market.,new
2026-07-25T10:41:27+00:00,rss:un_news,Middle East: UN warns against wider escalation after Houthi attacks in the Red Sea,https://news.un.org/feed/view/en/story/2026/07/1168016,chokepoint.hormuz;country.iran,strait;hormuz;red sea;houthi;escalation,chokepoint_disruption,Inventories 1.5σ below seasonal norm (H2 amplifier ON); VIX 56th pct (H1 ON). A supply shock today lands on a physically primed but psychologically stressed market.,new
2026-07-25T10:41:27+00:00,rss:un_news,"In El Obeid, Sudanese women face drones by day, rape by night, to reach water",https://news.un.org/feed/view/en/story/2026/07/1168012,,drone strike,conflict_escalation,Inventories 1.5σ below seasonal norm (H2 amplifier ON); VIX 56th pct (H1 ON). A supply shock today lands on a physically primed but psychologically stressed market.,new
2026-07-25T10:41:27+00:00,rss:un_news,Iran urged to stop protest-related executions,https://news.un.org/feed/view/en/story/2026/07/1168009,country.iran,,unmapped,Inventories 1.5σ below seasonal norm (H2 amplifier ON); VIX 56th pct (H1 ON). A supply shock today lands on a physically primed but psychologically stressed market.,new
2026-07-25T10:41:27+00:00,rss:un_news,Stranded seafarers remain trapped as Hormuz shipping stalls,https://news.un.org/feed/view/en/story/2026/07/1168004,chokepoint.hormuz;country.iran,strait;hormuz,chokepoint_disruption,Inventories 1.5σ below seasonal norm (H2 amplifier ON); VIX 56th pct (H1 ON). A supply shock today lands on a physically primed but psychologically stressed market.,new
2026-07-25T10:41:27+00:00,rss:un_news,Thousands prevented from returning home to southern Lebanon,https://news.un.org/feed/view/en/story/2026/07/1168003,country.lebanon,,unmapped,Inventories 1.5σ below seasonal norm (H2 amplifier ON); VIX 56th pct (H1 ON). A supply shock today lands on a physically primed but psychologically stressed market.,new
2026-07-25T10:41:27+00:00,rss:un_news,"World News in Brief: Aid for Ukraine, drone attacks in Sudan, DR Congo deaths, neurological disorders in the Americas",https://news.un.org/feed/view/en/story/2026/07/1168000,country.ukraine,,unmapped,Inventories 1.5σ below seasonal norm (H2 amplifier ON); VIX 56th pct (H1 ON). A supply shock today lands on a physically primed but psychologically stressed market.,new
2026-07-25T10:41:27+00:00,rss:un_news,"World News in Brief: Sexual violence in DR Congo, deaths in Ukraine and Russia, crime in Southeast Asia",https://news.un.org/feed/view/en/story/2026/07/1167992,country.russia;country.ukraine,,unmapped,Inventories 1.5σ below seasonal norm (H2 amplifier ON); VIX 56th pct (H1 ON). A supply shock today lands on a physically primed but psychologically stressed market.,new
2026-07-25T10:41:27+00:00,rss:un_news,Guterres calls for stepping up diplomatic efforts to end US-Iran conflict,https://news.un.org/feed/view/en/story/2026/07/1167989,country.iran,,unmapped,Inventories 1.5σ below seasonal norm (H2 amplifier ON); VIX 56th pct (H1 ON). A supply shock today lands on a physically primed but psychologically stressed market.,new
2026-07-25T10:41:27+00:00,rss:un_news,Security Council LIVE: Spotlight on Syria as Guterres heads to Damascus,https://news.un.org/feed/view/en/story/2026/07/1167984,chokepoint.hormuz;country.iran,strait;pipeline;hormuz,infrastructure_attack,Inventories 1.5σ below seasonal norm (H2 amplifier ON); VIX 56th pct (H1 ON). A supply shock today lands on a physically primed but psychologically stressed market.,new
2026-07-25T10:41:27+00:00,rss:eia_energy,"Energia Costa Azul, Mexico's second LNG terminal, shipped first cargo",https://www.eia.gov/todayinenergy/detail.php?id=67884,commodity.natgas,lng;natural gas,unmapped,Inventories 1.5σ below seasonal norm (H2 amplifier ON); VIX 56th pct (H1 ON). A supply shock today lands on a physically primed but psychologically stressed market.,new
2026-07-25T10:41:27+00:00,rss:eia_energy,Commercial crude oil inventories increased by 2.0 million barrels,https://www.eia.gov/todayinenergy/detail.php?id=67868,,crude,infrastructure_attack,Inventories 1.5σ below seasonal norm (H2 amplifier ON); VIX 56th pct (H1 ON). A supply shock today lands on a physically primed but psychologically stressed market.,new
2026-07-25T10:41:27+00:00,rss:eia_energy,What are tank bottoms?,https://www.eia.gov/todayinenergy/detail.php?id=67866,,crude,infrastructure_attack,Inventories 1.5σ below seasonal norm (H2 amplifier ON); VIX 56th pct (H1 ON). A supply shock today lands on a physically primed but psychologically stressed market.,new
2026-07-25T10:41:27+00:00,rss:eia_energy,Petroleum markets responded to disruptions in the Middle East in the second quarter,https://www.eia.gov/todayinenergy/detail.php?id=67865,chokepoint.hormuz,strait;refinery;crude;hormuz,infrastructure_attack,Inventories 1.5σ below seasonal norm (H2 amplifier ON); VIX 56th pct (H1 ON). A supply shock today lands on a physically primed but psychologically stressed market.,new
2026-07-25T10:41:27+00:00,rss:eia_energy,Global liquefied natural gas trade volumes reached record high in 2025,https://www.eia.gov/todayinenergy/detail.php?id=67864,commodity.natgas,lng;natural gas,unmapped,Inventories 1.5σ below seasonal norm (H2 amplifier ON); VIX 56th pct (H1 ON). A supply shock today lands on a physically primed but psychologically stressed market.,new
2026-07-25T10:41:27+00:00,rss:eia_energy,The United States produced more crude oil than any other country in 2025,https://www.eia.gov/todayinenergy/detail.php?id=67844,country.russia,crude,infrastructure_attack,Inventories 1.5σ below seasonal norm (H2 amplifier ON); VIX 56th pct (H1 ON). A supply shock today lands on a physically primed but psychologically stressed market.,new
2026-07-25T10:41:27+00:00,rss:eia_energy,U.S. exports of crude oil and petroleum products reached record in April,https://www.eia.gov/todayinenergy/detail.php?id=67825,chokepoint.hormuz,strait;crude;hormuz,infrastructure_attack,Inventories 1.5σ below seasonal norm (H2 amplifier ON); VIX 56th pct (H1 ON). A supply shock today lands on a physically primed but psychologically stressed market.,new
2026-07-25T10:41:27+00:00,rss:eia_energy,The 250-year history of U.S. energy consumption,https://www.eia.gov/todayinenergy/detail.php?id=67824,commodity.natgas,nuclear;natural gas,conflict_escalation,Inventories 1.5σ below seasonal norm (H2 amplifier ON); VIX 56th pct (H1 ON). A supply shock today lands on a physically primed but psychologically stressed market.,new
2026-07-25T10:41:27+00:00,rss:eia_energy,U.S. refining capacity decreased during 2025,https://www.eia.gov/todayinenergy/detail.php?id=67807,,refinery,infrastructure_attack,Inventories 1.5σ below seasonal norm (H2 amplifier ON); VIX 56th pct (H1 ON). A supply shock today lands on a physically primed but psychologically stressed market.,new
2026-07-25T10:41:27+00:00,rss:eia_energy,Metered electricity demand in the New York ISO falls midday because of small-scale solar,https://www.eia.gov/todayinenergy/detail.php?id=67806,,spr,policy_response,Inventories 1.5σ below seasonal norm (H2 amplifier ON); VIX 56th pct (H1 ON). A supply shock today lands on a physically primed but psychologically stressed market.,new
2026-07-25T10:41:27+00:00,rss:eia_energy,U.S. commercial crude oil inventories have decreased in June,https://www.eia.gov/todayinenergy/detail.php?id=67805,,crude,infrastructure_attack,Inventories 1.5σ below seasonal norm (H2 amplifier ON); VIX 56th pct (H1 ON). A supply shock today lands on a physically primed but psychologically stressed market.,new
2026-07-25T10:41:27+00:00,rss:eia_energy,UAE's exit from OPEC+ reduced the group's share of crude oil production and capacity,https://www.eia.gov/todayinenergy/detail.php?id=67804,country.iran;country.iraq;country.kuwait;country.saudi_arabia;country.venezuela;institution.opec,crude;opec,opec_decision,Inventories 1.5σ below seasonal norm (H2 amplifier ON); VIX 56th pct (H1 ON). A supply shock today lands on a physically primed but psychologically stressed market.,new
2026-07-25T10:41:27+00:00,rss:eia_energy,Permian natural gas production increased faster than crude oil,https://www.eia.gov/todayinenergy/detail.php?id=67785,commodity.natgas,crude;natural gas,infrastructure_attack,Inventories 1.5σ below seasonal norm (H2 amplifier ON); VIX 56th pct (H1 ON). A supply shock today lands on a physically primed but psychologically stressed market.,new
2026-07-25T10:41:27+00:00,rss:eia_energy,Solar generation in CAISO surpassed natural gas in the first five months of 2026,https://www.eia.gov/todayinenergy/detail.php?id=67784,commodity.natgas,natural gas,unmapped,Inventories 1.5σ below seasonal norm (H2 amplifier ON); VIX 56th pct (H1 ON). A supply shock today lands on a physically primed but psychologically stressed market.,new
2026-07-25T10:41:27+00:00,rss:eia_energy,U.S. jet fuel production rises after prices doubled in March,https://www.eia.gov/todayinenergy/detail.php?id=67764,chokepoint.hormuz,strait;crude;hormuz,infrastructure_attack,Inventories 1.5σ below seasonal norm (H2 amplifier ON); VIX 56th pct (H1 ON). A supply shock today lands on a physically primed but psychologically stressed market.,new
2026-07-25T10:41:27+00:00,rss:eia_energy,China's nuclear power capacity nearly doubled since 2016,https://www.eia.gov/todayinenergy/detail.php?id=67746,,nuclear,conflict_escalation,Inventories 1.5σ below seasonal norm (H2 amplifier ON); VIX 56th pct (H1 ON). A supply shock today lands on a physically primed but psychologically stressed market.,new
2026-07-25T10:41:27+00:00,rss:eia_energy,U.S. natural gas storage capacity increased slightly in 2025,https://www.eia.gov/todayinenergy/detail.php?id=67745,commodity.natgas,natural gas,unmapped,Inventories 1.5σ below seasonal norm (H2 amplifier ON); VIX 56th pct (H1 ON). A supply shock today lands on a physically primed but psychologically stressed market.,new
2026-07-25T10:41:27+00:00,rss:eia_energy,California natural gas prices reach historic lows in early 2026,https://www.eia.gov/todayinenergy/detail.php?id=67744,commodity.natgas,natural gas,unmapped,Inventories 1.5σ below seasonal norm (H2 amplifier ON); VIX 56th pct (H1 ON). A supply shock today lands on a physically primed but psychologically stressed market.,new
