event_id,event_date,type,title,triage,salience,failed_gates,queued_at
wagner_mutiny_2023,2023-06-24,conflict_escalation,Wagner Group mutiny / march on Moscow,keep,0,G5: cluster-duplicate of existing same-type event (2-source verified; Joe decides),2026-08-04
gdelt_ukr_rus_20220415,2022-04-15,conflict_escalation,GDELT candidate: military clash / attack involving Russia (2022-04-15),reject,10215,G1: only 1 independent source(s) (need >= 2); G5: cluster-duplicate of an existing same-type event (<= 35d),2026-08-04
gdelt_irq_x_20150415,2015-04-15,conflict_escalation,GDELT candidate: military clash / attack involving Iraq (2015-04-15),reject,9512,G1: only 1 independent source(s) (need >= 2); G5: cluster-duplicate of an existing same-type event (<= 35d),2026-08-04
gdelt_rus_x_20220415,2022-04-15,conflict_escalation,GDELT candidate: military clash / attack involving Russia (2022-04-15),reject,7903,G1: only 1 independent source(s) (need >= 2); G5: cluster-duplicate of an existing same-type event (<= 35d),2026-08-04
gdelt_irn_x_20200115,2020-01-15,conflict_escalation,GDELT candidate: military clash / attack involving Iran (2020-01-15),reject,6954,G1: only 1 independent source(s) (need >= 2); G5: cluster-duplicate of an existing same-type event (<= 35d),2026-08-04
gdelt_irn_x_20260715,2026-07-15,conflict_escalation,GDELT candidate: military clash / attack involving Iran (2026-07-15),reject,6120,G1: only 1 independent source(s) (need >= 2),2026-08-04
gdelt_x_irq_20150415,2015-04-15,conflict_escalation,GDELT candidate: military clash / attack involving Iraq (2015-04-15),reject,5507,G1: only 1 independent source(s) (need >= 2); G5: cluster-duplicate of an existing same-type event (<= 35d),2026-08-04
gdelt_rus_x_20180415,2018-04-15,conflict_escalation,GDELT candidate: military clash / attack involving Russia (2018-04-15),reject,4521,G1: only 1 independent source(s) (need >= 2),2026-08-04
gdelt_sau_x_20181015,2018-10-15,conflict_escalation,GDELT candidate: military clash / attack involving Saudi Arabia (2018-10-15),reject,4462,G1: only 1 independent source(s) (need >= 2),2026-08-04
gdelt_tur_sau_20181015,2018-10-15,conflict_escalation,GDELT candidate: military clash / attack involving Saudi Arabia (2018-10-15),reject,4245,G1: only 1 independent source(s) (need >= 2),2026-08-04
gdelt_x_rus_20220415,2022-04-15,conflict_escalation,GDELT candidate: military clash / attack involving Russia (2022-04-15),reject,4108,G1: only 1 independent source(s) (need >= 2); G5: cluster-duplicate of an existing same-type event (<= 35d),2026-08-04
gdelt_irn_jor_20260715,2026-07-15,conflict_escalation,GDELT candidate: military clash / attack involving Iran (2026-07-15),reject,4100,G1: only 1 independent source(s) (need >= 2),2026-08-04
gdelt_x_sau_20181015,2018-10-15,sanctions,GDELT candidate: sanctions action involving Saudi Arabia (2018-10-15),reject,3784,G1: only 1 independent source(s) (need >= 2); G5: cluster-duplicate of an existing same-type event (<= 35d),2026-08-04
gdelt_ukr_rus_20230115,2023-01-15,conflict_escalation,GDELT candidate: military clash / attack involving Russia (2023-01-15),reject,3779,G1: only 1 independent source(s) (need >= 2),2026-08-04
gdelt_rus_x_20221015,2022-10-15,conflict_escalation,GDELT candidate: military clash / attack involving Russia (2022-10-15),reject,3755,G1: only 1 independent source(s) (need >= 2),2026-08-04
gdelt_irq_x_20161015,2016-10-15,conflict_escalation,GDELT candidate: military clash / attack involving Iraq (2016-10-15),reject,3457,G1: only 1 independent source(s) (need >= 2),2026-08-04
gdelt_usa_irn_20150715,2015-07-15,sanctions,GDELT candidate: sanctions action involving Iran (2015-07-15),reject,3439,G1: only 1 independent source(s) (need >= 2); G5: cluster-duplicate of an existing same-type event (<= 35d),2026-08-04
gdelt_rus_x_20260715,2026-07-15,conflict_escalation,GDELT candidate: military clash / attack involving Russia (2026-07-15),reject,3391,G1: only 1 independent source(s) (need >= 2),2026-08-04
gdelt_rus_syr_20151015,2015-10-15,conflict_escalation,GDELT candidate: military clash / attack involving Russia (2015-10-15),reject,3339,G1: only 1 independent source(s) (need >= 2),2026-08-04
gdelt_x_irn_20150715,2015-07-15,conflict_escalation,GDELT candidate: military clash / attack involving Iran (2015-07-15),reject,3248,G1: only 1 independent source(s) (need >= 2),2026-08-04
gdelt_usa_irn_20260715,2026-07-15,conflict_escalation,GDELT candidate: military clash / attack involving Iran (2026-07-15),reject,3243,G1: only 1 independent source(s) (need >= 2),2026-08-04
gdelt_rus_syr_20180415,2018-04-15,conflict_escalation,GDELT candidate: military clash / attack involving Russia (2018-04-15),reject,3141,G1: only 1 independent source(s) (need >= 2),2026-08-04
gdelt_irn_ukr_20260115,2026-01-15,conflict_escalation,GDELT candidate: military clash / attack involving Iran (2026-01-15),reject,3075,G1: only 1 independent source(s) (need >= 2),2026-08-04
gdelt_x_irn_20200115,2020-01-15,conflict_escalation,GDELT candidate: military clash / attack involving Iran (2020-01-15),reject,3069,G1: only 1 independent source(s) (need >= 2); G5: cluster-duplicate of an existing same-type event (<= 35d),2026-08-04
gdelt_ukr_irn_20260115,2026-01-15,conflict_escalation,GDELT candidate: military clash / attack involving Iran (2026-01-15),reject,3032,G1: only 1 independent source(s) (need >= 2),2026-08-04
gdelt_irn_irq_20200115,2020-01-15,conflict_escalation,GDELT candidate: military clash / attack involving Iran / Iraq (2020-01-15),reject,2991,G1: only 1 independent source(s) (need >= 2); G5: cluster-duplicate of an existing same-type event (<= 35d),2026-08-04
gdelt_jor_irn_20260715,2026-07-15,conflict_escalation,GDELT candidate: military clash / attack involving Iran (2026-07-15),reject,2945,G1: only 1 independent source(s) (need >= 2),2026-08-04
gdelt_rus_x_20230115,2023-01-15,conflict_escalation,GDELT candidate: military clash / attack involving Russia (2023-01-15),reject,2900,G1: only 1 independent source(s) (need >= 2),2026-08-04
gdelt_irq_x_20160115,2016-01-15,conflict_escalation,GDELT candidate: military clash / attack involving Iraq (2016-01-15),reject,2884,G1: only 1 independent source(s) (need >= 2),2026-08-04
gdelt_rus_ukr_20250115,2025-01-15,sanctions,GDELT candidate: sanctions action involving Russia (2025-01-15),reject,2881,G1: only 1 independent source(s) (need >= 2); G5: cluster-duplicate of an existing same-type event (<= 35d),2026-08-04
gdelt_sau_x_20150415,2015-04-15,conflict_escalation,GDELT candidate: military clash / attack involving Saudi Arabia (2015-04-15),reject,2615,G1: only 1 independent source(s) (need >= 2); G5: cluster-duplicate of an existing same-type event (<= 35d),2026-08-04
gdelt_usa_rus_20210415,2021-04-15,sanctions,GDELT candidate: sanctions action involving Russia (2021-04-15),reject,2605,G1: only 1 independent source(s) (need >= 2),2026-08-04
gdelt_x_irn_20260715,2026-07-15,conflict_escalation,GDELT candidate: military clash / attack involving Iran (2026-07-15),reject,2552,G1: only 1 independent source(s) (need >= 2),2026-08-04
gdelt_irn_ukr_20200115,2020-01-15,conflict_escalation,GDELT candidate: military clash / attack involving Iran (2020-01-15),reject,2529,G1: only 1 independent source(s) (need >= 2); G5: cluster-duplicate of an existing same-type event (<= 35d),2026-08-04
gdelt_irn_x_20221015,2022-10-15,conflict_escalation,GDELT candidate: military clash / attack involving Iran (2022-10-15),reject,2494,G1: only 1 independent source(s) (need >= 2),2026-08-04
gdelt_rus_ukr_20221015,2022-10-15,conflict_escalation,GDELT candidate: military clash / attack involving Russia (2022-10-15),reject,2282,G1: only 1 independent source(s) (need >= 2),2026-08-04
gdelt_rus_x_20161015,2016-10-15,conflict_escalation,GDELT candidate: military clash / attack involving Russia (2016-10-15),reject,2247,G1: only 1 independent source(s) (need >= 2),2026-08-04
gdelt_x_irq_20151015,2015-10-15,conflict_escalation,GDELT candidate: military clash / attack involving Iraq (2015-10-15),reject,2225,G1: only 1 independent source(s) (need >= 2),2026-08-04
gdelt_usa_irn_20200115,2020-01-15,conflict_escalation,GDELT candidate: military clash / attack involving Iran (2020-01-15),reject,2190,G1: only 1 independent source(s) (need >= 2); G5: cluster-duplicate of an existing same-type event (<= 35d),2026-08-04
gdelt_x_irq_20141015,2014-10-15,conflict_escalation,GDELT candidate: military clash / attack involving Iraq (2014-10-15),reject,2183,G1: only 1 independent source(s) (need >= 2),2026-08-04
gdelt_x_irn_20221015,2022-10-15,conflict_escalation,GDELT candidate: military clash / attack involving Iran (2022-10-15),reject,2053,G1: only 1 independent source(s) (need >= 2),2026-08-04
gdelt_usa_ven_20260115,2026-01-15,conflict_escalation,GDELT candidate: military clash / attack involving Venezuela (2026-01-15),reject,2046,G1: only 1 independent source(s) (need >= 2),2026-08-04
gdelt_x_irq_20140115,2014-01-15,conflict_escalation,GDELT candidate: military clash / attack involving Iraq (2014-01-15),reject,1989,G1: only 1 independent source(s) (need >= 2); G5: cluster-duplicate of an existing same-type event (<= 35d),2026-08-04
gdelt_irq_x_20140715,2014-07-15,conflict_escalation,GDELT candidate: military clash / attack involving Iraq (2014-07-15),reject,1974,G1: only 1 independent source(s) (need >= 2); G5: cluster-duplicate of an existing same-type event (<= 35d),2026-08-04
gdelt_isr_irn_20260715,2026-07-15,conflict_escalation,GDELT candidate: military clash / attack involving Iran (2026-07-15),reject,1971,G1: only 1 independent source(s) (need >= 2),2026-08-04
gdelt_sau_sdn_20230415,2023-04-15,conflict_escalation,GDELT candidate: military clash / attack involving Saudi Arabia (2023-04-15),reject,1955,G1: only 1 independent source(s) (need >= 2),2026-08-04
gdelt_rus_x_20140715,2014-07-15,conflict_escalation,GDELT candidate: military clash / attack involving Russia (2014-07-15),reject,1947,G1: only 1 independent source(s) (need >= 2); G5: cluster-duplicate of an existing same-type event (<= 35d),2026-08-04
gdelt_ukr_rus_20230715,2023-07-15,sanctions,GDELT candidate: sanctions action involving Russia (2023-07-15),reject,1934,G1: only 1 independent source(s) (need >= 2); G5: cluster-duplicate of an existing same-type event (<= 35d),2026-08-04
gdelt_syr_rus_20180415,2018-04-15,conflict_escalation,GDELT candidate: military clash / attack involving Russia (2018-04-15),reject,1931,G1: only 1 independent source(s) (need >= 2),2026-08-04
gdelt_sau_tur_20181015,2018-10-15,conflict_escalation,GDELT candidate: military clash / attack involving Saudi Arabia (2018-10-15),reject,1917,G1: only 1 independent source(s) (need >= 2),2026-08-04
gdelt_lby_x_20200115,2020-01-15,conflict_escalation,GDELT candidate: military clash / attack involving Libya (2020-01-15),reject,1874,G1: only 1 independent source(s) (need >= 2); G5: cluster-duplicate of an existing same-type event (<= 35d),2026-08-04
gdelt_rus_tur_20150716,2015-07-16,conflict_escalation,GDELT candidate: military clash / attack involving Russia (2015-07-16),reject,1780,G1: only 1 independent source(s) (need >= 2),2026-08-04
gdelt_rus_aus_20250115,2025-01-15,conflict_escalation,GDELT candidate: military clash / attack involving Russia (2025-01-15),reject,1731,G1: only 1 independent source(s) (need >= 2),2026-08-04
gdelt_ven_x_20180115,2018-01-15,conflict_escalation,GDELT candidate: military clash / attack involving Venezuela (2018-01-15),reject,1725,G1: only 1 independent source(s) (need >= 2),2026-08-04
gdelt_rus_x_20181015,2018-10-15,conflict_escalation,GDELT candidate: military clash / attack involving Russia (2018-10-15),reject,1716,G1: only 1 independent source(s) (need >= 2),2026-08-04
gdelt_irn_kwt_20260715,2026-07-15,conflict_escalation,GDELT candidate: military clash / attack involving Iran / Kuwait (2026-07-15),reject,1674,G1: only 1 independent source(s) (need >= 2),2026-08-04
gdelt_irn_isr_20241015,2024-10-15,conflict_escalation,GDELT candidate: military clash / attack involving Iran (2024-10-15),reject,1658,G1: only 1 independent source(s) (need >= 2); G5: cluster-duplicate of an existing same-type event (<= 35d),2026-08-04
gdelt_lby_x_20160115,2016-01-15,conflict_escalation,GDELT candidate: military clash / attack involving Libya (2016-01-15),reject,1644,G1: only 1 independent source(s) (need >= 2),2026-08-04
gdelt_rus_x_20140415,2014-04-15,sanctions,GDELT candidate: sanctions action involving Russia (2014-04-15),reject,1637,G1: only 1 independent source(s) (need >= 2),2026-08-04
gdelt_rus_ukr_20220715,2022-07-15,conflict_escalation,GDELT candidate: military clash / attack involving Russia (2022-07-15),reject,1609,G1: only 1 independent source(s) (need >= 2); G5: cluster-duplicate of an existing same-type event (<= 35d),2026-08-04
gdelt_rus_x_20250715,2025-07-15,conflict_escalation,GDELT candidate: military clash / attack involving Russia (2025-07-15),reject,1602,G1: only 1 independent source(s) (need >= 2); G5: cluster-duplicate of an existing same-type event (<= 35d),2026-08-04
gdelt_ven_x_20260115,2026-01-15,conflict_escalation,GDELT candidate: military clash / attack involving Venezuela (2026-01-15),reject,1596,G1: only 1 independent source(s) (need >= 2),2026-08-04
gdelt_isr_irn_20241015,2024-10-15,conflict_escalation,GDELT candidate: military clash / attack involving Iran (2024-10-15),reject,1589,G1: only 1 independent source(s) (need >= 2); G5: cluster-duplicate of an existing same-type event (<= 35d),2026-08-04
gdelt_irq_irn_20200115,2020-01-15,conflict_escalation,GDELT candidate: military clash / attack involving Iraq / Iran (2020-01-15),reject,1586,G1: only 1 independent source(s) (need >= 2); G5: cluster-duplicate of an existing same-type event (<= 35d),2026-08-04
gdelt_rus_ukr_20231015,2023-10-15,conflict_escalation,GDELT candidate: military clash / attack involving Russia (2023-10-15),reject,1572,G1: only 1 independent source(s) (need >= 2); G5: cluster-duplicate of an existing same-type event (<= 35d),2026-08-04
gdelt_usa_irq_20150415,2015-04-15,conflict_escalation,GDELT candidate: military clash / attack involving Iraq (2015-04-15),reject,1569,G1: only 1 independent source(s) (need >= 2); G5: cluster-duplicate of an existing same-type event (<= 35d),2026-08-04
gdelt_irn_x_20260415,2026-04-15,conflict_escalation,GDELT candidate: military clash / attack involving Iran (2026-04-15),reject,1530,G1: only 1 independent source(s) (need >= 2),2026-08-04
gdelt_sau_kwt_20260715,2026-07-15,conflict_escalation,GDELT candidate: military clash / attack involving Saudi Arabia / Kuwait (2026-07-15),reject,1528,G1: only 1 independent source(s) (need >= 2),2026-08-04
gdelt_rus_x_20231015,2023-10-15,conflict_escalation,GDELT candidate: military clash / attack involving Russia (2023-10-15),reject,1524,G1: only 1 independent source(s) (need >= 2); G5: cluster-duplicate of an existing same-type event (<= 35d),2026-08-04
gdelt_rus_x_20230415,2023-04-15,sanctions,GDELT candidate: sanctions action involving Russia (2023-04-15),reject,1520,G1: only 1 independent source(s) (need >= 2),2026-08-04
gdelt_bhr_are_20170115,2017-01-15,conflict_escalation,GDELT candidate: military clash / attack involving Uae (2017-01-15),reject,1493,G1: only 1 independent source(s) (need >= 2); G5: cluster-duplicate of an existing same-type event (<= 35d),2026-08-04
gdelt_x_irq_20140715,2014-07-15,conflict_escalation,GDELT candidate: military clash / attack involving Iraq (2014-07-15),reject,1492,G1: only 1 independent source(s) (need >= 2); G5: cluster-duplicate of an existing same-type event (<= 35d),2026-08-04
gdelt_rus_rus_20220415,2022-04-15,conflict_escalation,GDELT candidate: military clash / attack involving Russia / Russia (2022-04-15),reject,1488,G1: only 1 independent source(s) (need >= 2); G5: cluster-duplicate of an existing same-type event (<= 35d),2026-08-04
gdelt_aus_sau_20181015,2018-10-15,conflict_escalation,GDELT candidate: military clash / attack involving Saudi Arabia (2018-10-15),reject,1485,G1: only 1 independent source(s) (need >= 2),2026-08-04
gdelt_x_rus_20161015,2016-10-15,conflict_escalation,GDELT candidate: military clash / attack involving Russia (2016-10-15),reject,1469,G1: only 1 independent source(s) (need >= 2),2026-08-04
gdelt_rus_ukr_20240115,2024-01-15,conflict_escalation,GDELT candidate: military clash / attack involving Russia (2024-01-15),reject,1469,G1: only 1 independent source(s) (need >= 2); G5: cluster-duplicate of an existing same-type event (<= 35d),2026-08-04
gdelt_rus_ukr_20230715,2023-07-15,conflict_escalation,GDELT candidate: military clash / attack involving Russia (2023-07-15),reject,1419,G1: only 1 independent source(s) (need >= 2); G5: cluster-duplicate of an existing same-type event (<= 35d),2026-08-04
gdelt_x_rus_20210415,2021-04-15,conflict_escalation,GDELT candidate: military clash / attack involving Russia (2021-04-15),reject,1390,G1: only 1 independent source(s) (need >= 2),2026-08-04
gdelt_rus_ukr_20230415,2023-04-15,conflict_escalation,GDELT candidate: military clash / attack involving Russia (2023-04-15),reject,1347,G1: only 1 independent source(s) (need >= 2),2026-08-04
gdelt_ukr_rus_20221015,2022-10-15,conflict_escalation,GDELT candidate: military clash / attack involving Russia (2022-10-15),reject,1329,G1: only 1 independent source(s) (need >= 2),2026-08-04
gdelt_lby_x_20141015,2014-10-15,conflict_escalation,GDELT candidate: military clash / attack involving Libya (2014-10-15),reject,1314,G1: only 0 independent source(s) (need >= 2); G4: a source is missing or not a real http(s) URL,2026-08-04
gdelt_rus_x_20150415,2015-04-15,conflict_escalation,GDELT candidate: military clash / attack involving Russia (2015-04-15),reject,1312,G1: only 1 independent source(s) (need >= 2); G5: cluster-duplicate of an existing same-type event (<= 35d),2026-08-04
gdelt_are_isr_20240115,2024-01-15,conflict_escalation,GDELT candidate: military clash / attack involving Uae (2024-01-15),reject,1300,G1: only 1 independent source(s) (need >= 2); G5: cluster-duplicate of an existing same-type event (<= 35d),2026-08-04
gdelt_bel_rus_20201015,2020-10-15,sanctions,GDELT candidate: sanctions action involving Russia (2020-10-15),reject,1293,G1: only 1 independent source(s) (need >= 2),2026-08-04
gdelt_rus_wst_20180115,2018-01-15,conflict_escalation,GDELT candidate: military clash / attack involving Russia (2018-01-15),reject,1276,G1: only 1 independent source(s) (need >= 2),2026-08-04
gdelt_irq_x_20150715,2015-07-15,conflict_escalation,GDELT candidate: military clash / attack involving Iraq (2015-07-15),reject,1271,G1: only 1 independent source(s) (need >= 2),2026-08-04
gdelt_x_irq_20160115,2016-01-15,conflict_escalation,GDELT candidate: military clash / attack involving Iraq (2016-01-15),reject,1268,G1: only 1 independent source(s) (need >= 2),2026-08-04
gdelt_rus_ukr_20140715,2014-07-15,sanctions,GDELT candidate: sanctions action involving Russia (2014-07-15),reject,1267,G1: only 1 independent source(s) (need >= 2); G5: cluster-duplicate of an existing same-type event (<= 35d),2026-08-04
gdelt_ukr_rus_20140415,2014-04-15,sanctions,GDELT candidate: sanctions action involving Russia (2014-04-15),reject,1246,G1: only 1 independent source(s) (need >= 2),2026-08-04
gdelt_x_lby_20141015,2014-10-15,conflict_escalation,GDELT candidate: military clash / attack involving Libya (2014-10-15),reject,1226,G1: only 1 independent source(s) (need >= 2),2026-08-04
gdelt_x_rus_20180415,2018-04-15,conflict_escalation,GDELT candidate: military clash / attack involving Russia (2018-04-15),reject,1204,G1: only 1 independent source(s) (need >= 2),2026-08-04
gdelt_x_rus_20230715,2023-07-15,conflict_escalation,GDELT candidate: military clash / attack involving Russia (2023-07-15),reject,1197,G1: only 1 independent source(s) (need >= 2); G5: cluster-duplicate of an existing same-type event (<= 35d),2026-08-04
gdelt_ukr_rus_20220715,2022-07-15,conflict_escalation,GDELT candidate: military clash / attack involving Russia (2022-07-15),reject,1183,G1: only 1 independent source(s) (need >= 2); G5: cluster-duplicate of an existing same-type event (<= 35d),2026-08-04
gdelt_irq_x_20230415,2023-04-15,conflict_escalation,GDELT candidate: military clash / attack involving Iraq (2023-04-15),reject,1182,G1: only 1 independent source(s) (need >= 2),2026-08-04
gdelt_irn_x_20260115,2026-01-15,conflict_escalation,GDELT candidate: military clash / attack involving Iran (2026-01-15),reject,1171,G1: only 1 independent source(s) (need >= 2),2026-08-04
gdelt_x_irn_20151015,2015-10-15,conflict_escalation,GDELT candidate: military clash / attack involving Iran (2015-10-15),reject,1158,G1: only 1 independent source(s) (need >= 2),2026-08-04
gdelt_irn_bhr_20260715,2026-07-15,conflict_escalation,GDELT candidate: military clash / attack involving Iran (2026-07-15),reject,1133,G1: only 1 independent source(s) (need >= 2),2026-08-04
gdelt_x_sau_20150415,2015-04-15,conflict_escalation,GDELT candidate: military clash / attack involving Saudi Arabia (2015-04-15),reject,1126,G1: only 1 independent source(s) (need >= 2); G5: cluster-duplicate of an existing same-type event (<= 35d),2026-08-04
gdelt_usa_rus_20220415,2022-04-15,conflict_escalation,GDELT candidate: military clash / attack involving Russia (2022-04-15),reject,1125,G1: only 1 independent source(s) (need >= 2); G5: cluster-duplicate of an existing same-type event (<= 35d),2026-08-04
gdelt_lby_x_20180115,2018-01-15,conflict_escalation,GDELT candidate: military clash / attack involving Libya (2018-01-15),reject,1122,G1: only 1 independent source(s) (need >= 2),2026-08-04
gdelt_irq_usa_20150415,2015-04-15,conflict_escalation,GDELT candidate: military clash / attack involving Iraq (2015-04-15),reject,1111,G1: only 1 independent source(s) (need >= 2); G5: cluster-duplicate of an existing same-type event (<= 35d),2026-08-04
gdelt_sau_irn_20150715,2015-07-15,conflict_escalation,GDELT candidate: military clash / attack involving Saudi Arabia / Iran (2015-07-15),reject,1108,G1: only 1 independent source(s) (need >= 2),2026-08-04
gdelt_rus_x_20210415,2021-04-15,conflict_escalation,GDELT candidate: military clash / attack involving Russia (2021-04-15),reject,1100,G1: only 1 independent source(s) (need >= 2),2026-08-04
gdelt_rus_x_20250415,2025-04-15,conflict_escalation,GDELT candidate: military clash / attack involving Russia (2025-04-15),reject,1079,G1: only 1 independent source(s) (need >= 2); G5: cluster-duplicate of an existing same-type event (<= 35d),2026-08-04
gdelt_ukr_rus_20231015,2023-10-15,conflict_escalation,GDELT candidate: military clash / attack involving Russia (2023-10-15),reject,1060,G1: only 1 independent source(s) (need >= 2); G5: cluster-duplicate of an existing same-type event (<= 35d),2026-08-04
gdelt_lby_x_20151015,2015-10-15,conflict_escalation,GDELT candidate: military clash / attack involving Libya (2015-10-15),reject,1052,G1: only 1 independent source(s) (need >= 2),2026-08-04
gdelt_rus_x_20240115,2024-01-15,conflict_escalation,GDELT candidate: military clash / attack involving Russia (2024-01-15),reject,1044,G1: only 1 independent source(s) (need >= 2); G5: cluster-duplicate of an existing same-type event (<= 35d),2026-08-04
gdelt_x_lby_20140715,2014-07-15,conflict_escalation,GDELT candidate: military clash / attack involving Libya (2014-07-15),reject,1037,G1: only 1 independent source(s) (need >= 2); G5: cluster-duplicate of an existing same-type event (<= 35d),2026-08-04
gdelt_eur_irn_20200115,2020-01-15,sanctions,GDELT candidate: sanctions action involving Iran (2020-01-15),reject,1030,G1: only 1 independent source(s) (need >= 2); G5: cluster-duplicate of an existing same-type event (<= 35d),2026-08-04
gdelt_irq_x_20130715,2013-07-15,sanctions,GDELT candidate: sanctions action involving Iraq (2013-07-15),reject,1029,G1: only 1 independent source(s) (need >= 2),2026-08-04
gdelt_irq_x_20131015,2013-10-15,conflict_escalation,GDELT candidate: military clash / attack involving Iraq (2013-10-15),reject,1014,G1: only 1 independent source(s) (need >= 2),2026-08-04
gdelt_irn_x_20251216,2025-12-16,sanctions,GDELT candidate: sanctions action involving Iran (2025-12-16),reject,1002,G1: only 1 independent source(s) (need >= 2),2026-08-04
gdelt_x_irn_20231015,2023-10-15,sanctions,GDELT candidate: sanctions action involving Iran (2023-10-15),reject,994,G1: only 1 independent source(s) (need >= 2); G5: cluster-duplicate of an existing same-type event (<= 35d),2026-08-04
gdelt_irn_usa_20200115,2020-01-15,conflict_escalation,GDELT candidate: military clash / attack involving Iran (2020-01-15),reject,980,G1: only 1 independent source(s) (need >= 2); G5: cluster-duplicate of an existing same-type event (<= 35d),2026-08-04
gdelt_wst_irq_20220415,2022-04-15,conflict_escalation,GDELT candidate: military clash / attack involving Iraq (2022-04-15),reject,980,G1: only 1 independent source(s) (need >= 2); G5: cluster-duplicate of an existing same-type event (<= 35d),2026-08-04
gdelt_rus_x_20141015,2014-10-15,sanctions,GDELT candidate: sanctions action involving Russia (2014-10-15),reject,976,G1: only 1 independent source(s) (need >= 2); G5: cluster-duplicate of an existing same-type event (<= 35d),2026-08-04
gdelt_ukr_rus_20250115,2025-01-15,conflict_escalation,GDELT candidate: military clash / attack involving Russia (2025-01-15),reject,975,G1: only 1 independent source(s) (need >= 2),2026-08-04
gdelt_irq_x_20160415,2016-04-15,conflict_escalation,GDELT candidate: military clash / attack involving Iraq (2016-04-15),reject,960,G1: only 1 independent source(s) (need >= 2),2026-08-04
gdelt_rus_rus_20231015,2023-10-15,conflict_escalation,GDELT candidate: military clash / attack involving Russia / Russia (2023-10-15),reject,952,G1: only 1 independent source(s) (need >= 2); G5: cluster-duplicate of an existing same-type event (<= 35d),2026-08-04
gdelt_irq_x_20151015,2015-10-15,conflict_escalation,GDELT candidate: military clash / attack involving Iraq (2015-10-15),reject,949,G1: only 1 independent source(s) (need >= 2),2026-08-04
gdelt_rus_ukr_20250715,2025-07-15,conflict_escalation,GDELT candidate: military clash / attack involving Russia (2025-07-15),reject,947,G1: only 1 independent source(s) (need >= 2); G5: cluster-duplicate of an existing same-type event (<= 35d),2026-08-04
gdelt_rus_x_20170115,2017-01-15,conflict_escalation,GDELT candidate: military clash / attack involving Russia (2017-01-15),reject,941,G1: only 1 independent source(s) (need >= 2); G5: cluster-duplicate of an existing same-type event (<= 35d),2026-08-04
gdelt_x_irn_20260115,2026-01-15,conflict_escalation,GDELT candidate: military clash / attack involving Iran (2026-01-15),reject,939,G1: only 1 independent source(s) (need >= 2),2026-08-04
gdelt_ven_x_20150415,2015-04-15,conflict_escalation,GDELT candidate: military clash / attack involving Venezuela (2015-04-15),reject,936,G1: only 1 independent source(s) (need >= 2); G5: cluster-duplicate of an existing same-type event (<= 35d),2026-08-04
gdelt_are_bhr_20170115,2017-01-15,conflict_escalation,GDELT candidate: military clash / attack involving Uae (2017-01-15),reject,922,G1: only 1 independent source(s) (need >= 2); G5: cluster-duplicate of an existing same-type event (<= 35d),2026-08-04
gdelt_usa_lby_20141015,2014-10-15,conflict_escalation,GDELT candidate: military clash / attack involving Libya (2014-10-15),reject,919,G1: only 1 independent source(s) (need >= 2),2026-08-04
gdelt_usa_irq_20180415,2018-04-15,conflict_escalation,GDELT candidate: military clash / attack involving Iraq (2018-04-15),reject,911,G1: only 1 independent source(s) (need >= 2),2026-08-04
gdelt_ukr_rus_20140715,2014-07-15,conflict_escalation,GDELT candidate: military clash / attack involving Russia (2014-07-15),reject,905,G1: only 1 independent source(s) (need >= 2); G5: cluster-duplicate of an existing same-type event (<= 35d),2026-08-04
gdelt_irq_x_20160715,2016-07-15,conflict_escalation,GDELT candidate: military clash / attack involving Iraq (2016-07-15),reject,898,G1: only 1 independent source(s) (need >= 2),2026-08-04
gdelt_x_irn_20190115,2019-01-15,conflict_escalation,GDELT candidate: military clash / attack involving Iran (2019-01-15),reject,897,G1: only 1 independent source(s) (need >= 2); G5: cluster-duplicate of an existing same-type event (<= 35d),2026-08-04
gdelt_ukr_rus_20250715,2025-07-15,conflict_escalation,GDELT candidate: military clash / attack involving Russia (2025-07-15),reject,894,G1: only 1 independent source(s) (need >= 2); G5: cluster-duplicate of an existing same-type event (<= 35d),2026-08-04
gdelt_kwt_x_20150716,2015-07-16,conflict_escalation,GDELT candidate: military clash / attack involving Kuwait (2015-07-16),reject,890,G1: only 1 independent source(s) (need >= 2),2026-08-04
gdelt_x_irq_20170115,2017-01-15,conflict_escalation,GDELT candidate: military clash / attack involving Iraq (2017-01-15),reject,887,G1: only 1 independent source(s) (need >= 2); G5: cluster-duplicate of an existing same-type event (<= 35d),2026-08-04
gdelt_x_rus_20260715,2026-07-15,sanctions,GDELT candidate: sanctions action involving Russia (2026-07-15),reject,884,G1: only 1 independent source(s) (need >= 2),2026-08-04
gdelt_x_rus_20160115,2016-01-15,conflict_escalation,GDELT candidate: military clash / attack involving Russia (2016-01-15),reject,881,G1: only 1 independent source(s) (need >= 2),2026-08-04
gdelt_x_irq_20200115,2020-01-15,conflict_escalation,GDELT candidate: military clash / attack involving Iraq (2020-01-15),reject,880,G1: only 1 independent source(s) (need >= 2); G5: cluster-duplicate of an existing same-type event (<= 35d),2026-08-04
gdelt_gbr_rus_20160115,2016-01-15,conflict_escalation,GDELT candidate: military clash / attack involving Russia (2016-01-15),reject,876,G1: only 1 independent source(s) (need >= 2),2026-08-04
gdelt_usa_rus_20180415,2018-04-15,conflict_escalation,GDELT candidate: military clash / attack involving Russia (2018-04-15),reject,872,G1: only 1 independent source(s) (need >= 2),2026-08-04
gdelt_x_rus_20140415,2014-04-15,sanctions,GDELT candidate: sanctions action involving Russia (2014-04-15),reject,869,G1: only 1 independent source(s) (need >= 2),2026-08-04
gdelt_rus_lby_20200115,2020-01-15,conflict_escalation,GDELT candidate: military clash / attack involving Russia / Libya (2020-01-15),reject,866,G1: only 1 independent source(s) (need >= 2); G5: cluster-duplicate of an existing same-type event (<= 35d),2026-08-04
gdelt_x_rus_20151015,2015-10-15,conflict_escalation,GDELT candidate: military clash / attack involving Russia (2015-10-15),reject,860,G1: only 1 independent source(s) (need >= 2),2026-08-04
gdelt_x_rus_20141015,2014-10-15,sanctions,GDELT candidate: sanctions action involving Russia (2014-10-15),reject,854,G1: only 1 independent source(s) (need >= 2); G5: cluster-duplicate of an existing same-type event (<= 35d),2026-08-04
gdelt_lby_lby_20151015,2015-10-15,conflict_escalation,GDELT candidate: military clash / attack involving Libya / Libya (2015-10-15),reject,851,G1: only 1 independent source(s) (need >= 2),2026-08-04
gdelt_sau_sau_20181015,2018-10-15,conflict_escalation,GDELT candidate: military clash / attack involving Saudi Arabia / Saudi Arabia (2018-10-15),reject,850,G1: only 1 independent source(s) (need >= 2),2026-08-04
gdelt_x_rus_20140715,2014-07-15,conflict_escalation,GDELT candidate: military clash / attack involving Russia (2014-07-15),reject,847,G1: only 1 independent source(s) (need >= 2); G5: cluster-duplicate of an existing same-type event (<= 35d),2026-08-04
gdelt_rus_x_20160715,2016-07-15,conflict_escalation,GDELT candidate: military clash / attack involving Russia (2016-07-15),reject,846,G1: only 1 independent source(s) (need >= 2),2026-08-04
gdelt_irq_irq_20170715,2017-07-15,conflict_escalation,GDELT candidate: military clash / attack involving Iraq / Iraq (2017-07-15),reject,846,G1: only 1 independent source(s) (need >= 2),2026-08-04
gdelt_irn_x_20150415,2015-04-15,sanctions,GDELT candidate: sanctions action involving Iran (2015-04-15),reject,841,G1: only 1 independent source(s) (need >= 2),2026-08-04
gdelt_eur_rus_20210415,2021-04-15,sanctions,GDELT candidate: sanctions action involving Russia (2021-04-15),reject,840,G1: only 1 independent source(s) (need >= 2),2026-08-04
gdelt_syr_irn_20151015,2015-10-15,conflict_escalation,GDELT candidate: military clash / attack involving Iran (2015-10-15),reject,837,G1: only 1 independent source(s) (need >= 2),2026-08-04
gdelt_wst_rus_20221015,2022-10-15,conflict_escalation,GDELT candidate: military clash / attack involving Russia (2022-10-15),reject,827,G1: only 1 independent source(s) (need >= 2),2026-08-04
gdelt_lby_jor_20140415,2014-04-15,conflict_escalation,GDELT candidate: military clash / attack involving Libya (2014-04-15),reject,824,G1: only 0 independent source(s) (need >= 2); G4: a source is missing or not a real http(s) URL,2026-08-04
gdelt_irn_sau_20150715,2015-07-15,conflict_escalation,GDELT candidate: military clash / attack involving Iran / Saudi Arabia (2015-07-15),reject,820,G1: only 1 independent source(s) (need >= 2),2026-08-04
gdelt_usa_irq_20200115,2020-01-15,conflict_escalation,GDELT candidate: military clash / attack involving Iraq (2020-01-15),reject,818,G1: only 1 independent source(s) (need >= 2); G5: cluster-duplicate of an existing same-type event (<= 35d),2026-08-04
gdelt_usa_rus_20161015,2016-10-15,conflict_escalation,GDELT candidate: military clash / attack involving Russia (2016-10-15),reject,811,G1: only 1 independent source(s) (need >= 2),2026-08-04
gdelt_irq_x_20200115,2020-01-15,conflict_escalation,GDELT candidate: military clash / attack involving Iraq (2020-01-15),reject,811,G1: only 1 independent source(s) (need >= 2); G5: cluster-duplicate of an existing same-type event (<= 35d),2026-08-04
gdelt_usa_irq_20141015,2014-10-15,conflict_escalation,GDELT candidate: military clash / attack involving Iraq (2014-10-15),reject,800,G1: only 1 independent source(s) (need >= 2),2026-08-04
gdelt_usa_rus_20170115,2017-01-15,sanctions,GDELT candidate: sanctions action involving Russia (2017-01-15),reject,799,G1: only 1 independent source(s) (need >= 2),2026-08-04
gdelt_x_sau_20140415,2014-04-15,conflict_escalation,GDELT candidate: military clash / attack involving Saudi Arabia (2014-04-15),reject,787,G1: only 1 independent source(s) (need >= 2),2026-08-04
gdelt_x_irn_20171015,2017-10-15,conflict_escalation,GDELT candidate: military clash / attack involving Iran (2017-10-15),reject,783,G1: only 1 independent source(s) (need >= 2); G5: cluster-duplicate of an existing same-type event (<= 35d),2026-08-04
gdelt_irq_syr_20141015,2014-10-15,conflict_escalation,GDELT candidate: military clash / attack involving Iraq (2014-10-15),reject,781,G1: only 1 independent source(s) (need >= 2),2026-08-04
gdelt_x_irq_20150715,2015-07-15,conflict_escalation,GDELT candidate: military clash / attack involving Iraq (2015-07-15),reject,776,G1: only 1 independent source(s) (need >= 2),2026-08-04
gdelt_usa_lby_20131015,2013-10-15,conflict_escalation,GDELT candidate: military clash / attack involving Libya (2013-10-15),reject,757,G1: only 1 independent source(s) (need >= 2),2026-08-04
gdelt_bhr_kwt_20260715,2026-07-15,conflict_escalation,GDELT candidate: military clash / attack involving Kuwait (2026-07-15),reject,754,G1: only 1 independent source(s) (need >= 2),2026-08-04
gdelt_sau_yem_20151015,2015-10-15,conflict_escalation,GDELT candidate: military clash / attack involving Saudi Arabia (2015-10-15),reject,753,G1: only 1 independent source(s) (need >= 2),2026-08-04
gdelt_irn_x_20170715,2017-07-15,conflict_escalation,GDELT candidate: military clash / attack involving Iran (2017-07-15),reject,753,G1: only 1 independent source(s) (need >= 2),2026-08-04
gdelt_mys_irq_20160108,2016-01-08,conflict_escalation,GDELT candidate: military clash / attack involving Iraq (2016-01-08),reject,752,G1: only 1 independent source(s) (need >= 2),2026-08-04
gdelt_x_irn_20241015,2024-10-15,conflict_escalation,GDELT candidate: military clash / attack involving Iran (2024-10-15),reject,751,G1: only 1 independent source(s) (need >= 2); G5: cluster-duplicate of an existing same-type event (<= 35d),2026-08-04
gdelt_syr_rus_20151015,2015-10-15,conflict_escalation,GDELT candidate: military clash / attack involving Russia (2015-10-15),reject,744,G1: only 1 independent source(s) (need >= 2),2026-08-04
gdelt_rus_ukr_20260715,2026-07-15,conflict_escalation,GDELT candidate: military clash / attack involving Russia (2026-07-15),reject,744,G1: only 1 independent source(s) (need >= 2),2026-08-04
gdelt_rus_ukr_20140415,2014-04-15,sanctions,GDELT candidate: sanctions action involving Russia (2014-04-15),reject,743,G1: only 1 independent source(s) (need >= 2),2026-08-04
gdelt_irn_x_20160115,2016-01-15,conflict_escalation,GDELT candidate: military clash / attack involving Iran (2016-01-15),reject,742,G1: only 1 independent source(s) (need >= 2),2026-08-04
gdelt_irn_syr_20151015,2015-10-15,conflict_escalation,GDELT candidate: military clash / attack involving Iran (2015-10-15),reject,739,G1: only 1 independent source(s) (need >= 2),2026-08-04
gdelt_irq_syr_20160715,2016-07-15,conflict_escalation,GDELT candidate: military clash / attack involving Iraq (2016-07-15),reject,737,G1: only 1 independent source(s) (need >= 2),2026-08-04
gdelt_rus_ukr_20251015,2025-10-15,conflict_escalation,GDELT candidate: military clash / attack involving Russia (2025-10-15),reject,723,G1: only 1 independent source(s) (need >= 2),2026-08-04
gdelt_ukr_rus_20250415,2025-04-15,conflict_escalation,GDELT candidate: military clash / attack involving Russia (2025-04-15),reject,716,G1: only 1 independent source(s) (need >= 2); G5: cluster-duplicate of an existing same-type event (<= 35d),2026-08-04
gdelt_x_rus_20181015,2018-10-15,conflict_escalation,GDELT candidate: military clash / attack involving Russia (2018-10-15),reject,715,G1: only 1 independent source(s) (need >= 2),2026-08-04
gdelt_rus_x_20251015,2025-10-15,conflict_escalation,GDELT candidate: military clash / attack involving Russia (2025-10-15),reject,712,G1: only 1 independent source(s) (need >= 2),2026-08-04
gdelt_rus_x_20240415,2024-04-15,conflict_escalation,GDELT candidate: military clash / attack involving Russia (2024-04-15),reject,709,G1: only 1 independent source(s) (need >= 2); G5: cluster-duplicate of an existing same-type event (<= 35d),2026-08-04
gdelt_rus_x_20140115,2014-01-15,sanctions,GDELT candidate: sanctions action involving Russia (2014-01-15),reject,708,G1: only 1 independent source(s) (need >= 2),2026-08-04
gdelt_rus_ukr_20240715,2024-07-15,conflict_escalation,GDELT candidate: military clash / attack involving Russia (2024-07-15),reject,706,G1: only 1 independent source(s) (need >= 2); G5: cluster-duplicate of an existing same-type event (<= 35d),2026-08-04
gdelt_irq_syr_20191015,2019-10-15,conflict_escalation,GDELT candidate: military clash / attack involving Iraq (2019-10-15),reject,704,G1: only 1 independent source(s) (need >= 2),2026-08-04
gdelt_rus_x_20150715,2015-07-15,conflict_escalation,GDELT candidate: military clash / attack involving Russia (2015-07-15),reject,700,G1: only 1 independent source(s) (need >= 2),2026-08-04
gdelt_are_usa_20240115,2024-01-15,conflict_escalation,GDELT candidate: military clash / attack involving Uae (2024-01-15),reject,700,G1: only 1 independent source(s) (need >= 2); G5: cluster-duplicate of an existing same-type event (<= 35d),2026-08-04
gdelt_lby_x_20161015,2016-10-15,conflict_escalation,GDELT candidate: military clash / attack involving Libya (2016-10-15),reject,690,G1: only 1 independent source(s) (need >= 2),2026-08-04
gdelt_rus_wst_20221015,2022-10-15,conflict_escalation,GDELT candidate: military clash / attack involving Russia (2022-10-15),reject,687,G1: only 1 independent source(s) (need >= 2),2026-08-04
gdelt_x_rus_20160715,2016-07-15,conflict_escalation,GDELT candidate: military clash / attack involving Russia (2016-07-15),reject,683,G1: only 1 independent source(s) (need >= 2),2026-08-04
gdelt_lby_x_20200415,2020-04-15,conflict_escalation,GDELT candidate: military clash / attack involving Libya (2020-04-15),reject,681,G1: only 1 independent source(s) (need >= 2),2026-08-04
gdelt_usa_irn_20190715,2019-07-15,sanctions,GDELT candidate: sanctions action involving Iran (2019-07-15),reject,673,G1: only 1 independent source(s) (need >= 2); G5: cluster-duplicate of an existing same-type event (<= 35d),2026-08-04
gdelt_rus_x_20131015,2013-10-15,conflict_escalation,GDELT candidate: military clash / attack involving Russia (2013-10-15),reject,672,G1: only 1 independent source(s) (need >= 2),2026-08-04
gdelt_ukr_rus_20230415,2023-04-15,conflict_escalation,GDELT candidate: military clash / attack involving Russia (2023-04-15),reject,672,G1: only 1 independent source(s) (need >= 2),2026-08-04
gdelt_irn_usa_20150715,2015-07-15,conflict_escalation,GDELT candidate: military clash / attack involving Iran (2015-07-15),reject,667,G1: only 1 independent source(s) (need >= 2),2026-08-04
gdelt_usa_lby_20140115,2014-01-15,conflict_escalation,GDELT candidate: military clash / attack involving Libya (2014-01-15),reject,665,G1: only 1 independent source(s) (need >= 2); G5: cluster-duplicate of an existing same-type event (<= 35d),2026-08-04
gdelt_x_rus_20190415,2019-04-15,conflict_escalation,GDELT candidate: military clash / attack involving Russia (2019-04-15),reject,665,G1: only 1 independent source(s) (need >= 2),2026-08-04
gdelt_ukr_irn_20200115,2020-01-15,conflict_escalation,GDELT candidate: military clash / attack involving Iran (2020-01-15),reject,664,G1: only 1 independent source(s) (need >= 2); G5: cluster-duplicate of an existing same-type event (<= 35d),2026-08-04
gdelt_rus_rus_20210415,2021-04-15,conflict_escalation,GDELT candidate: military clash / attack involving Russia / Russia (2021-04-15),reject,664,G1: only 1 independent source(s) (need >= 2),2026-08-04
gdelt_x_irq_20171015,2017-10-15,conflict_escalation,GDELT candidate: military clash / attack involving Iraq (2017-10-15),reject,663,G1: only 1 independent source(s) (need >= 2); G5: cluster-duplicate of an existing same-type event (<= 35d),2026-08-04
gdelt_rus_rus_20180415,2018-04-15,sanctions,GDELT candidate: sanctions action involving Russia / Russia (2018-04-15),reject,661,G1: only 1 independent source(s) (need >= 2); G5: cluster-duplicate of an existing same-type event (<= 35d),2026-08-04
gdelt_rus_ukr_20241015,2024-10-15,conflict_escalation,GDELT candidate: military clash / attack involving Russia (2024-10-15),reject,661,G1: only 1 independent source(s) (need >= 2); G5: cluster-duplicate of an existing same-type event (<= 35d),2026-08-04
gdelt_usa_are_20171015,2017-10-15,conflict_escalation,GDELT candidate: military clash / attack involving Uae (2017-10-15),reject,660,G1: only 1 independent source(s) (need >= 2); G5: cluster-duplicate of an existing same-type event (<= 35d),2026-08-04
gdelt_rus_x_20191015,2019-10-15,conflict_escalation,GDELT candidate: military clash / attack involving Russia (2019-10-15),reject,658,G1: only 1 independent source(s) (need >= 2),2026-08-04
gdelt_rus_x_20210115,2021-01-15,conflict_escalation,GDELT candidate: military clash / attack involving Russia (2021-01-15),reject,654,G1: only 1 independent source(s) (need >= 2),2026-08-04
gdelt_rus_x_20160115,2016-01-15,conflict_escalation,GDELT candidate: military clash / attack involving Russia (2016-01-15),reject,653,G1: only 1 independent source(s) (need >= 2),2026-08-04
gdelt_x_lby_20161015,2016-10-15,conflict_escalation,GDELT candidate: military clash / attack involving Libya (2016-10-15),reject,652,G1: only 1 independent source(s) (need >= 2),2026-08-04
gdelt_yem_irn_20260715,2026-07-15,conflict_escalation,GDELT candidate: military clash / attack involving Iran (2026-07-15),reject,652,G1: only 1 independent source(s) (need >= 2),2026-08-04
gdelt_lby_usa_20140415,2014-04-15,conflict_escalation,GDELT candidate: military clash / attack involving Libya (2014-04-15),reject,648,G1: only 1 independent source(s) (need >= 2),2026-08-04
gdelt_x_irq_20150115,2015-01-15,conflict_escalation,GDELT candidate: military clash / attack involving Iraq (2015-01-15),reject,648,G1: only 1 independent source(s) (need >= 2); G5: cluster-duplicate of an existing same-type event (<= 35d),2026-08-04
gdelt_x_irq_20160715,2016-07-15,conflict_escalation,GDELT candidate: military clash / attack involving Iraq (2016-07-15),reject,646,G1: only 1 independent source(s) (need >= 2),2026-08-04
gdelt_x_rus_20250715,2025-07-15,sanctions,GDELT candidate: sanctions action involving Russia (2025-07-15),reject,646,G1: only 1 independent source(s) (need >= 2); G5: cluster-duplicate of an existing same-type event (<= 35d),2026-08-04
gdelt_irq_x_20210115,2021-01-15,conflict_escalation,GDELT candidate: military clash / attack involving Iraq (2021-01-15),reject,643,G1: only 1 independent source(s) (need >= 2),2026-08-04
gdelt_x_irn_20180115,2018-01-15,sanctions,GDELT candidate: sanctions action involving Iran (2018-01-15),reject,642,G1: only 1 independent source(s) (need >= 2),2026-08-04
gdelt_rus_x_20171015,2017-10-15,conflict_escalation,GDELT candidate: military clash / attack involving Russia (2017-10-15),reject,641,G1: only 1 independent source(s) (need >= 2); G5: cluster-duplicate of an existing same-type event (<= 35d),2026-08-04
gdelt_syr_irq_20151015,2015-10-15,conflict_escalation,GDELT candidate: military clash / attack involving Iraq (2015-10-15),reject,639,G1: only 1 independent source(s) (need >= 2),2026-08-04
gdelt_irn_gbr_20200115,2020-01-15,conflict_escalation,GDELT candidate: military clash / attack involving Iran (2020-01-15),reject,634,G1: only 1 independent source(s) (need >= 2); G5: cluster-duplicate of an existing same-type event (<= 35d),2026-08-04
gdelt_irq_x_20170715,2017-07-15,conflict_escalation,GDELT candidate: military clash / attack involving Iraq (2017-07-15),reject,632,G1: only 1 independent source(s) (need >= 2),2026-08-04
gdelt_rus_nld_20210415,2021-04-15,conflict_escalation,GDELT candidate: military clash / attack involving Russia (2021-04-15),reject,632,G1: only 1 independent source(s) (need >= 2),2026-08-04
gdelt_lby_x_20131015,2013-10-15,conflict_escalation,GDELT candidate: military clash / attack involving Libya (2013-10-15),reject,630,G1: only 1 independent source(s) (need >= 2),2026-08-04
gdelt_esp_ven_20150415,2015-04-15,conflict_escalation,GDELT candidate: military clash / attack involving Venezuela (2015-04-15),reject,630,G1: only 1 independent source(s) (need >= 2); G5: cluster-duplicate of an existing same-type event (<= 35d),2026-08-04
gdelt_irn_x_20241015,2024-10-15,conflict_escalation,GDELT candidate: military clash / attack involving Iran (2024-10-15),reject,628,G1: only 1 independent source(s) (need >= 2); G5: cluster-duplicate of an existing same-type event (<= 35d),2026-08-04
gdelt_irn_x_20140115,2014-01-15,sanctions,GDELT candidate: sanctions action involving Iran (2014-01-15),reject,625,G1: only 1 independent source(s) (need >= 2),2026-08-04
gdelt_x_sau_20160115,2016-01-15,conflict_escalation,GDELT candidate: military clash / attack involving Saudi Arabia (2016-01-15),reject,625,G1: only 1 independent source(s) (need >= 2),2026-08-04
gdelt_pak_sau_20260715,2026-07-15,conflict_escalation,GDELT candidate: military clash / attack involving Saudi Arabia (2026-07-15),reject,620,G1: only 1 independent source(s) (need >= 2),2026-08-04
gdelt_irq_x_20221015,2022-10-15,conflict_escalation,GDELT candidate: military clash / attack involving Iraq (2022-10-15),reject,609,G1: only 1 independent source(s) (need >= 2),2026-08-04
gdelt_x_irn_20170715,2017-07-15,conflict_escalation,GDELT candidate: military clash / attack involving Iran (2017-07-15),reject,608,G1: only 1 independent source(s) (need >= 2),2026-08-04
gdelt_x_irq_20180715,2018-07-15,sanctions,GDELT candidate: sanctions action involving Iraq (2018-07-15),reject,608,G1: only 1 independent source(s) (need >= 2); G5: cluster-duplicate of an existing same-type event (<= 35d),2026-08-04
gdelt_irq_x_20140415,2014-04-15,conflict_escalation,GDELT candidate: military clash / attack involving Iraq (2014-04-15),reject,607,G1: only 1 independent source(s) (need >= 2),2026-08-04
gdelt_nzl_lby_20140415,2014-04-15,conflict_escalation,GDELT candidate: military clash / attack involving Libya (2014-04-15),reject,600,G1: only 1 independent source(s) (need >= 2),2026-08-04
gdelt_rus_x_20190115,2019-01-15,sanctions,GDELT candidate: sanctions action involving Russia (2019-01-15),reject,600,G1: only 1 independent source(s) (need >= 2); G5: cluster-duplicate of an existing same-type event (<= 35d),2026-08-04
gdelt_x_irn_20190715,2019-07-15,sanctions,GDELT candidate: sanctions action involving Iran (2019-07-15),reject,594,G1: only 1 independent source(s) (need >= 2); G5: cluster-duplicate of an existing same-type event (<= 35d),2026-08-04
gdelt_irq_irq_20140715,2014-07-15,conflict_escalation,GDELT candidate: military clash / attack involving Iraq / Iraq (2014-07-15),reject,592,G1: only 1 independent source(s) (need >= 2); G5: cluster-duplicate of an existing same-type event (<= 35d),2026-08-04
gdelt_x_rus_20150115,2015-01-15,sanctions,GDELT candidate: sanctions action involving Russia (2015-01-15),reject,588,G1: only 1 independent source(s) (need >= 2),2026-08-04
gdelt_sau_x_20190115,2019-01-15,conflict_escalation,GDELT candidate: military clash / attack involving Saudi Arabia (2019-01-15),reject,587,G1: only 1 independent source(s) (need >= 2); G5: cluster-duplicate of an existing same-type event (<= 35d),2026-08-04
gdelt_sau_idn_20150415,2015-04-15,conflict_escalation,GDELT candidate: military clash / attack involving Saudi Arabia (2015-04-15),reject,576,G1: only 1 independent source(s) (need >= 2); G5: cluster-duplicate of an existing same-type event (<= 35d),2026-08-04
gdelt_rus_x_20160415,2016-04-15,conflict_escalation,GDELT candidate: military clash / attack involving Russia (2016-04-15),reject,576,G1: only 1 independent source(s) (need >= 2),2026-08-04
gdelt_x_sau_20150715,2015-07-15,conflict_escalation,GDELT candidate: military clash / attack involving Saudi Arabia (2015-07-15),reject,574,G1: only 1 independent source(s) (need >= 2),2026-08-04
gdelt_x_rus_20221015,2022-10-15,conflict_escalation,GDELT candidate: military clash / attack involving Russia (2022-10-15),reject,571,G1: only 1 independent source(s) (need >= 2),2026-08-04
gdelt_usa_irn_20190115,2019-01-15,sanctions,GDELT candidate: sanctions action involving Iran (2019-01-15),reject,570,G1: only 1 independent source(s) (need >= 2); G5: cluster-duplicate of an existing same-type event (<= 35d),2026-08-04
gdelt_rus_gbr_20220415,2022-04-15,conflict_escalation,GDELT candidate: military clash / attack involving Russia (2022-04-15),reject,570,G1: only 1 independent source(s) (need >= 2); G5: cluster-duplicate of an existing same-type event (<= 35d),2026-08-04
gdelt_lby_x_20140415,2014-04-15,conflict_escalation,GDELT candidate: military clash / attack involving Libya (2014-04-15),reject,563,G1: only 1 independent source(s) (need >= 2),2026-08-04
gdelt_irn_x_20250115,2025-01-15,conflict_escalation,GDELT candidate: military clash / attack involving Iran (2025-01-15),reject,563,G1: only 1 independent source(s) (need >= 2),2026-08-04
gdelt_x_rus_20131015,2013-10-15,conflict_escalation,GDELT candidate: military clash / attack involving Russia (2013-10-15),reject,562,G1: only 1 independent source(s) (need >= 2),2026-08-04
gdelt_rus_tjk_20140715,2014-07-15,conflict_escalation,GDELT candidate: military clash / attack involving Russia (2014-07-15),reject,561,G1: only 1 independent source(s) (need >= 2); G5: cluster-duplicate of an existing same-type event (<= 35d),2026-08-04
gdelt_tur_irq_20161015,2016-10-15,conflict_escalation,GDELT candidate: military clash / attack involving Iraq (2016-10-15),reject,560,G1: only 1 independent source(s) (need >= 2),2026-08-04
gdelt_ukr_rus_20251015,2025-10-15,conflict_escalation,GDELT candidate: military clash / attack involving Russia (2025-10-15),reject,560,G1: only 1 independent source(s) (need >= 2),2026-08-04
gdelt_x_lby_20190415,2019-04-15,conflict_escalation,GDELT candidate: military clash / attack involving Libya (2019-04-15),reject,558,G1: only 1 independent source(s) (need >= 2),2026-08-04
gdelt_ukr_rus_20241015,2024-10-15,conflict_escalation,GDELT candidate: military clash / attack involving Russia (2024-10-15),reject,558,G1: only 1 independent source(s) (need >= 2); G5: cluster-duplicate of an existing same-type event (<= 35d),2026-08-04
gdelt_sau_x_20220715,2022-07-15,conflict_escalation,GDELT candidate: military clash / attack involving Saudi Arabia (2022-07-15),reject,553,G1: only 1 independent source(s) (need >= 2); G5: cluster-duplicate of an existing same-type event (<= 35d),2026-08-04
gdelt_rus_x_20180115,2018-01-15,conflict_escalation,GDELT candidate: military clash / attack involving Russia (2018-01-15),reject,550,G1: only 1 independent source(s) (need >= 2),2026-08-04
gdelt_x_rus_20170115,2017-01-15,conflict_escalation,GDELT candidate: military clash / attack involving Russia (2017-01-15),reject,547,G1: only 1 independent source(s) (need >= 2); G5: cluster-duplicate of an existing same-type event (<= 35d),2026-08-04
gdelt_sau_x_20141015,2014-10-15,conflict_escalation,GDELT candidate: military clash / attack involving Saudi Arabia (2014-10-15),reject,545,G1: only 1 independent source(s) (need >= 2),2026-08-04
gdelt_syr_irq_20191015,2019-10-15,conflict_escalation,GDELT candidate: military clash / attack involving Iraq (2019-10-15),reject,544,G1: only 1 independent source(s) (need >= 2),2026-08-04
gdelt_isr_irn_20260415,2026-04-15,conflict_escalation,GDELT candidate: military clash / attack involving Iran (2026-04-15),reject,540,G1: only 1 independent source(s) (need >= 2),2026-08-04
gdelt_usa_irq_20260715,2026-07-15,conflict_escalation,GDELT candidate: military clash / attack involving Iraq (2026-07-15),reject,539,G1: only 1 independent source(s) (need >= 2),2026-08-04
gdelt_x_lby_20220715,2022-07-15,conflict_escalation,GDELT candidate: military clash / attack involving Libya (2022-07-15),reject,538,G1: only 1 independent source(s) (need >= 2); G5: cluster-duplicate of an existing same-type event (<= 35d),2026-08-04
gdelt_sau_x_20131015,2013-10-15,conflict_escalation,GDELT candidate: military clash / attack involving Saudi Arabia (2013-10-15),reject,532,G1: only 1 independent source(s) (need >= 2),2026-08-04
gdelt_x_rus_20240415,2024-04-15,conflict_escalation,GDELT candidate: military clash / attack involving Russia (2024-04-15),reject,531,G1: only 1 independent source(s) (need >= 2); G5: cluster-duplicate of an existing same-type event (<= 35d),2026-08-04
gdelt_irn_irn_20200115,2020-01-15,conflict_escalation,GDELT candidate: military clash / attack involving Iran / Iran (2020-01-15),reject,529,G1: only 1 independent source(s) (need >= 2); G5: cluster-duplicate of an existing same-type event (<= 35d),2026-08-04
gdelt_tur_rus_20191015,2019-10-15,conflict_escalation,GDELT candidate: military clash / attack involving Russia (2019-10-15),reject,528,G1: only 1 independent source(s) (need >= 2),2026-08-04
gdelt_x_irq_20131015,2013-10-15,conflict_escalation,GDELT candidate: military clash / attack involving Iraq (2013-10-15),reject,527,G1: only 1 independent source(s) (need >= 2),2026-08-04
gdelt_rus_x_20150115,2015-01-15,sanctions,GDELT candidate: sanctions action involving Russia (2015-01-15),reject,527,G1: only 1 independent source(s) (need >= 2),2026-08-04
gdelt_irq_x_20160708,2016-07-08,conflict_escalation,GDELT candidate: military clash / attack involving Iraq (2016-07-08),reject,525,G1: only 1 independent source(s) (need >= 2),2026-08-04
gdelt_ukr_rus_20240415,2024-04-15,conflict_escalation,GDELT candidate: military clash / attack involving Russia (2024-04-15),reject,524,G1: only 1 independent source(s) (need >= 2); G5: cluster-duplicate of an existing same-type event (<= 35d),2026-08-04
gdelt_ukr_rus_20260715,2026-07-15,conflict_escalation,GDELT candidate: military clash / attack involving Russia (2026-07-15),reject,524,G1: only 1 independent source(s) (need >= 2),2026-08-04
gdelt_irn_irn_20170715,2017-07-15,conflict_escalation,GDELT candidate: military clash / attack involving Iran / Iran (2017-07-15),reject,519,G1: only 1 independent source(s) (need >= 2),2026-08-04
gdelt_rus_syr_20191015,2019-10-15,conflict_escalation,GDELT candidate: military clash / attack involving Russia (2019-10-15),reject,515,G1: only 1 independent source(s) (need >= 2),2026-08-04
gdelt_irq_syr_20150115,2015-01-15,conflict_escalation,GDELT candidate: military clash / attack involving Iraq (2015-01-15),reject,514,G1: only 1 independent source(s) (need >= 2); G5: cluster-duplicate of an existing same-type event (<= 35d),2026-08-04
gdelt_irq_aus_20150415,2015-04-15,conflict_escalation,GDELT candidate: military clash / attack involving Iraq (2015-04-15),reject,513,G1: only 1 independent source(s) (need >= 2); G5: cluster-duplicate of an existing same-type event (<= 35d),2026-08-04
gdelt_rus_fra_20180415,2018-04-15,conflict_escalation,GDELT candidate: military clash / attack involving Russia (2018-04-15),reject,513,G1: only 1 independent source(s) (need >= 2),2026-08-04
gdelt_irn_isr_20231015,2023-10-15,conflict_escalation,GDELT candidate: military clash / attack involving Iran (2023-10-15),reject,511,G1: only 1 independent source(s) (need >= 2); G5: cluster-duplicate of an existing same-type event (<= 35d),2026-08-04
gdelt_sau_x_20150715,2015-07-15,conflict_escalation,GDELT candidate: military clash / attack involving Saudi Arabia (2015-07-15),reject,509,G1: only 1 independent source(s) (need >= 2),2026-08-04
gdelt_usa_irq_20151015,2015-10-15,conflict_escalation,GDELT candidate: military clash / attack involving Iraq (2015-10-15),reject,509,G1: only 1 independent source(s) (need >= 2),2026-08-04
gdelt_rus_syr_20161015,2016-10-15,conflict_escalation,GDELT candidate: military clash / attack involving Russia (2016-10-15),reject,509,G1: only 1 independent source(s) (need >= 2),2026-08-04
gdelt_irq_x_20171015,2017-10-15,conflict_escalation,GDELT candidate: military clash / attack involving Iraq (2017-10-15),reject,505,G1: only 1 independent source(s) (need >= 2); G5: cluster-duplicate of an existing same-type event (<= 35d),2026-08-04
gdelt_rus_rus_20190115,2019-01-15,sanctions,GDELT candidate: sanctions action involving Russia / Russia (2019-01-15),reject,504,G1: only 1 independent source(s) (need >= 2); G5: cluster-duplicate of an existing same-type event (<= 35d),2026-08-04
gdelt_rus_ukr_20190115,2019-01-15,conflict_escalation,GDELT candidate: military clash / attack involving Russia (2019-01-15),reject,503,G1: only 1 independent source(s) (need >= 2); G5: cluster-duplicate of an existing same-type event (<= 35d),2026-08-04
gdelt_sau_x_20170715,2017-07-15,sanctions,GDELT candidate: sanctions action involving Saudi Arabia (2017-07-15),reject,502,G1: only 1 independent source(s) (need >= 2),2026-08-04
gdelt_sau_usa_20181015,2018-10-15,conflict_escalation,GDELT candidate: military clash / attack involving Saudi Arabia (2018-10-15),reject,502,G1: only 1 independent source(s) (need >= 2),2026-08-04
gdelt_x_irn_20140115,2014-01-15,sanctions,GDELT candidate: sanctions action involving Iran (2014-01-15),reject,501,G1: only 1 independent source(s) (need >= 2),2026-08-04
gdelt_usa_rus_20141015,2014-10-15,sanctions,GDELT candidate: sanctions action involving Russia (2014-10-15),reject,501,G1: only 1 independent source(s) (need >= 2); G5: cluster-duplicate of an existing same-type event (<= 35d),2026-08-04
gdelt_x_rus_20180115,2018-01-15,conflict_escalation,GDELT candidate: military clash / attack involving Russia (2018-01-15),reject,494,G1: only 1 independent source(s) (need >= 2),2026-08-04
gdelt_rus_ukr_20150115,2015-01-15,sanctions,GDELT candidate: sanctions action involving Russia (2015-01-15),reject,493,G1: only 1 independent source(s) (need >= 2),2026-08-04
gdelt_fra_irq_20200115,2020-01-15,conflict_escalation,GDELT candidate: military clash / attack involving Iraq (2020-01-15),reject,490,G1: only 1 independent source(s) (need >= 2); G5: cluster-duplicate of an existing same-type event (<= 35d),2026-08-04
gdelt_yem_sau_20151015,2015-10-15,conflict_escalation,GDELT candidate: military clash / attack involving Saudi Arabia (2015-10-15),reject,489,G1: only 1 independent source(s) (need >= 2),2026-08-04
gdelt_rus_tur_20191015,2019-10-15,conflict_escalation,GDELT candidate: military clash / attack involving Russia (2019-10-15),reject,489,G1: only 1 independent source(s) (need >= 2),2026-08-04
gdelt_rus_rus_20150415,2015-04-15,conflict_escalation,GDELT candidate: military clash / attack involving Russia / Russia (2015-04-15),reject,486,G1: only 1 independent source(s) (need >= 2); G5: cluster-duplicate of an existing same-type event (<= 35d),2026-08-04
gdelt_x_rus_20160415,2016-04-15,conflict_escalation,GDELT candidate: military clash / attack involving Russia (2016-04-15),reject,486,G1: only 1 independent source(s) (need >= 2),2026-08-04
gdelt_x_ven_20190415,2019-04-15,conflict_escalation,GDELT candidate: military clash / attack involving Venezuela (2019-04-15),reject,486,G1: only 1 independent source(s) (need >= 2),2026-08-04
gdelt_usa_irq_20161015,2016-10-15,conflict_escalation,GDELT candidate: military clash / attack involving Iraq (2016-10-15),reject,474,G1: only 1 independent source(s) (need >= 2),2026-08-04
gdelt_rus_ukr_20151015,2015-10-15,conflict_escalation,GDELT candidate: military clash / attack involving Russia (2015-10-15),reject,471,G1: only 1 independent source(s) (need >= 2),2026-08-04
gdelt_egy_lby_20141015,2014-10-15,conflict_escalation,GDELT candidate: military clash / attack involving Libya (2014-10-15),reject,468,G1: only 1 independent source(s) (need >= 2),2026-08-04
gdelt_eur_rus_20141015,2014-10-15,sanctions,GDELT candidate: sanctions action involving Russia (2014-10-15),reject,467,G1: only 1 independent source(s) (need >= 2); G5: cluster-duplicate of an existing same-type event (<= 35d),2026-08-04
gdelt_rus_usa_20151015,2015-10-15,conflict_escalation,GDELT candidate: military clash / attack involving Russia (2015-10-15),reject,467,G1: only 1 independent source(s) (need >= 2),2026-08-04
gdelt_ukr_rus_20151015,2015-10-15,conflict_escalation,GDELT candidate: military clash / attack involving Russia (2015-10-15),reject,466,G1: only 1 independent source(s) (need >= 2),2026-08-04
gdelt_gbr_irn_20200115,2020-01-15,conflict_escalation,GDELT candidate: military clash / attack involving Iran (2020-01-15),reject,465,G1: only 1 independent source(s) (need >= 2); G5: cluster-duplicate of an existing same-type event (<= 35d),2026-08-04
gdelt_ukr_rus_20150715,2015-07-15,conflict_escalation,GDELT candidate: military clash / attack involving Russia (2015-07-15),reject,463,G1: only 1 independent source(s) (need >= 2),2026-08-04
gdelt_rus_x_20190415,2019-04-15,conflict_escalation,GDELT candidate: military clash / attack involving Russia (2019-04-15),reject,463,G1: only 1 independent source(s) (need >= 2),2026-08-04
gdelt_x_rus_20250115,2025-01-15,sanctions,GDELT candidate: sanctions action involving Russia (2025-01-15),reject,463,G1: only 1 independent source(s) (need >= 2); G5: cluster-duplicate of an existing same-type event (<= 35d),2026-08-04
gdelt_sau_sau_20150415,2015-04-15,conflict_escalation,GDELT candidate: military clash / attack involving Saudi Arabia / Saudi Arabia (2015-04-15),reject,462,G1: only 1 independent source(s) (need >= 2); G5: cluster-duplicate of an existing same-type event (<= 35d),2026-08-04
gdelt_usa_irn_20160115,2016-01-15,sanctions,GDELT candidate: sanctions action involving Iran (2016-01-15),reject,459,G1: only 1 independent source(s) (need >= 2); G5: cluster-duplicate of an existing same-type event (<= 35d),2026-08-04
gdelt_rus_x_20130715,2013-07-15,sanctions,GDELT candidate: sanctions action involving Russia (2013-07-15),reject,457,G1: only 1 independent source(s) (need >= 2),2026-08-04
gdelt_sau_yem_20150715,2015-07-15,conflict_escalation,GDELT candidate: military clash / attack involving Saudi Arabia (2015-07-15),reject,453,G1: only 1 independent source(s) (need >= 2),2026-08-04
