event_id,event_date,title,primary_domain,reason,queued_at
opec_2009_05_28,2009-05-28,OPEC keeps production quotas unchanged in Vienna,opec.org,no candidate proposed,2026-08-03T20:51:23+00:00
opec_record_cut_oran_2008,2008-12-17,OPEC announces record 2.2 million bpd cut at Oran,cnn.com,no candidate proposed,2026-08-03T20:51:23+00:00
opec_emergency_cut_2008,2008-10-24,OPEC emergency 1.5 mb/d cut in the financial crisis,cnn.com,no candidate proposed,2026-08-03T20:51:23+00:00
lehman_collapse_2008,2008-09-15,Lehman Brothers collapses,sec.gov,no candidate proposed,2026-08-03T20:51:23+00:00
russia_georgia_war_2008,2008-08-08,Russia-Georgia war,dtic.mil,no candidate proposed,2026-08-03T20:51:23+00:00
btc_pipeline_blast_2008,2008-08-05,Baku-Tbilisi-Ceyhan pipeline explosion in Turkey,aljazeera.com,no candidate proposed,2026-08-03T20:51:23+00:00
nigeria_mend_bonga_2008,2008-06-19,MEND attacks Shell Bonga offshore FPSO,ogj.com,no candidate proposed,2026-08-03T20:51:23+00:00
bush_spr_halt_2008,2008-05-19,Bush signs halt to SPR deposits,washingtonpost.com,no candidate proposed,2026-08-03T20:51:23+00:00
turkey_pkk_incursion_2008,2008-02-21,Turkish ground incursion into northern Iraq,wikipedia.org,no candidate proposed,2026-08-03T20:51:23+00:00
sa_power_crisis_2008,2008-01-25,2008 South Africa power crisis mine shutdowns,aljazeera.com,no candidate proposed,2026-08-03T20:51:23+00:00
opec_2007_09_11,2007-09-11,OPEC agrees 500000 bpd output increase effective November,opec.org,no candidate proposed,2026-08-03T20:51:23+00:00
opec_cut_abuja_dec_2006,2006-12-14,OPEC cuts 500000 bpd at Abuja,cbsnews.com,no candidate proposed,2026-08-03T20:51:23+00:00
israel_hezbollah_war_2006,2006-07-12,Israel-Hezbollah (Second Lebanon) war begins,un.org,no candidate proposed,2026-08-03T20:51:23+00:00
saudi_abqaiq_foiled_2006,2006-02-24,Al-Qaeda suicide car-bomb attack on Saudi Abqaiq foiled,washingtoninstitute.org,no candidate proposed,2026-08-03T20:51:23+00:00
nigeria_mend_forcados_2006,2006-02-18,MEND attacks Shell Forcados terminal cutting Nigeria exports,washingtonpost.com,no candidate proposed,2026-08-03T20:51:23+00:00
nigeria_mend_ea_2006,2006-01-11,MEND attacks Shell Niger Delta oil facilities,ogj.com,no candidate proposed,2026-08-03T20:51:23+00:00
opec_2005_12_12,2005-12-12,OPEC holds output ceiling at Kuwait meeting,industryweek.com,no candidate proposed,2026-08-03T20:51:23+00:00
iea_release_katrina_2005,2005-09-02,IEA coordinated 60M bbl release after Katrina,iea.org,no candidate proposed,2026-08-03T20:51:23+00:00
yukos_yugansk_auction_2004,2004-12-19,Russian state auctions Yukos unit Yuganskneftegaz,nbcnews.com,no candidate proposed,2026-08-03T20:51:23+00:00
opec_cut_dec_2004,2004-12-10,OPEC trims output 1 million bpd,wikipedia.org,no candidate proposed,2026-08-03T20:51:23+00:00
suez_tropic_brilliance_2004,2004-11-08,Tanker Tropic Brilliance runs aground and blocks the Suez Canal,maritime-executive.com,no candidate proposed,2026-08-03T20:51:23+00:00
iraq_pipeline_south_2004,2004-08-27,Saboteurs halt southern Iraq oil exports in late-August 2004,globalsecurity.org,no candidate proposed,2026-08-03T20:51:23+00:00
iraq_pipeline_north_2004,2004-08-03,Insurgents bomb Kirkuk-Ceyhan pipeline halting northern Iraq exports,globalsecurity.org,no candidate proposed,2026-08-03T20:51:23+00:00
opec_hike_beirut_june_2004,2004-06-03,OPEC raises quotas 2 million bpd in Beirut,wikipedia.org,no candidate proposed,2026-08-03T20:51:23+00:00
libya_sanctions_lifted_2004,2004-04-23,US lifts most Libya sanctions,treasury.gov,no candidate proposed,2026-08-03T20:51:23+00:00
opec_cut_sept_2003,2003-09-24,OPEC surprises with 900000 bpd cut,wikipedia.org,no candidate proposed,2026-08-03T20:51:23+00:00
iraq_sanctions_lifted_2003,2003-05-22,UN lifts Iraq sanctions (Resolution 1483),unscr.com,no candidate proposed,2026-08-03T20:51:23+00:00
opec_emergency_april_2003,2003-04-24,OPEC holds emergency Iraq-war meeting,wikipedia.org,no candidate proposed,2026-08-03T20:51:23+00:00
nigeria_warri_shutin_2003,2003-03-23,Nigeria Warri unrest forces Niger Delta oil shut-in,allafrica.com,no candidate proposed,2026-08-03T20:51:23+00:00
opec_hike_jan_2003,2003-01-12,OPEC raises quota 6.5% amid Venezuela strike,wikipedia.org,no candidate proposed,2026-08-03T20:51:23+00:00
iraq_oil_export_ban_2002,2002-04-08,Iraq suspends oil exports for 30 days,cnn.com,no candidate proposed,2026-08-03T20:51:23+00:00
opec_cut_cairo_dec_2001,2001-12-28,OPEC agrees 1.5 million bpd cut in Cairo,voanews.com,no candidate proposed,2026-08-03T20:51:23+00:00
september_11_attacks_2001,2001-09-11,September 11 terrorist attacks,govinfo.gov,no candidate proposed,2026-08-03T20:51:23+00:00
opec_cut_july_2001,2001-07-25,OPEC cuts 1 million bpd effective September,cnn.com,no candidate proposed,2026-08-03T20:51:23+00:00
opec_cut_march_2001,2001-03-17,OPEC cuts output 1 million bpd effective April,wikipedia.org,no candidate proposed,2026-08-03T20:51:23+00:00
us_recession_2001_onset,2001-03-01,US 2001 recession onset (dot-com bust),nber.org,no candidate proposed,2026-08-03T20:51:23+00:00
opec_cut_jan_2001,2001-01-17,OPEC cuts quotas 1.5 million bpd,wikipedia.org,no candidate proposed,2026-08-03T20:51:23+00:00
clinton_spr_swap_2000,2000-09-22,Clinton orders 30M-barrel SPR swap release,energy.gov,no candidate proposed,2026-08-03T20:51:23+00:00
opec_hike_sept_2000,2000-09-10,OPEC boosts quotas 800000 bpd,wikipedia.org,no candidate proposed,2026-08-03T20:51:23+00:00
opec_hike_june_2000,2000-06-21,OPEC lifts quotas 708000 bpd in Vienna,wikipedia.org,no candidate proposed,2026-08-03T20:51:23+00:00
opec_hike_march_2000,2000-03-28,OPEC raises quotas 1.452 million bpd,wikipedia.org,no candidate proposed,2026-08-03T20:51:23+00:00
opec_cut_june_1998,1998-06-24,OPEC deepens 1998 cuts at Amsterdam-era conference,wikipedia.org,no candidate proposed,2026-08-03T20:51:23+00:00
opec_cut_march_1998,1998-03-30,OPEC agrees first 1998 production cut in Vienna,wikipedia.org,no candidate proposed,2026-08-03T20:51:23+00:00
opec_jakarta_quota_increase_1997,1997-12-01,OPEC Jakarta meeting raises production ceiling 10%,oxfordenergy.org,no candidate proposed,2026-08-03T20:51:23+00:00
iraq_ofp_exports_begin_1996,1996-12-10,Iraq oil-for-food exports begin,un.org,no candidate proposed,2026-08-03T20:51:23+00:00
ilsa_sanctions_1996,1996-08-05,US Iran and Libya Sanctions Act signed,congress.gov,no candidate proposed,2026-08-03T20:51:23+00:00
iran_eo12959_embargo_1995,1995-05-06,US total trade embargo on Iran (EO 12959),archives.gov,no candidate proposed,2026-08-03T20:51:23+00:00
iraq_un_986_ofp_1995,1995-04-14,UN Resolution 986 oil-for-food adopted,un.org,no candidate proposed,2026-08-03T20:51:23+00:00
iraq_un_661_embargo_1990,1990-08-06,UN Resolution 661 oil embargo on Iraq,unscr.com,no candidate proposed,2026-08-03T20:51:23+00:00
bridgeton_mine_strike_1987,1987-07-24,Tanker Bridgeton strikes Iranian mine in first Earnest Will convoy,usni.org,no candidate proposed,2026-08-03T20:51:23+00:00
